ID,ORIG_FID,ORIG_LEN,fclass,name,lon,lat,LST,NDVI,GVI_Mean
1,2433,50,tertiary,Ubi Avenue 3,103.894471,1.33203174,43.66359929,0.239263143,0.382034302
2,395,50,residential,Defu Lane 12,103.8946275,1.34076854,43.3944397,0.22856767,0.308683472
3,1197,50,tertiary,Ubi Avenue 3,103.8940937,1.33177943,43.36380445,0.337725294,0.384584351
4,395,100,residential,Defu Lane 12,103.8950589,1.34064587,43.35460854,0.361940738,0.395441895
5,1244,50,residential,Bunga Rampai Place,103.8837753,1.33966457,43.34151371,0.24631714,0.350321045
6,1300,50,residential,Jalan Bunga Rampai,103.8836204,1.33982749,43.28959529,0.39546622,0.318605347
7,1117,50,residential,Ubi Road 4,103.8990606,1.33371164,43.25239216,0.192804212,
8,1760,50,residential,Bunga Rampai Place,103.8839292,1.3391916,43.24191978,0.19860771,0.196464844
9,1493,50,residential,Paya Lebar Street,103.8846091,1.33937631,43.19443035,0.268966143,0.452523804
10,981,50,secondary,Airport Road,103.8975451,1.33946386,43.18752809,0.415614312,0.345584106
11,1340,50,secondary,Kim Chuan Road,103.889881,1.34145645,43.13635935,0.323247489,0.172365723
12,395,150,residential,Defu Lane 12,103.8954986,1.34055309,43.11935488,0.314628847,0.380219116
13,2360,150,secondary,Bartley Road East,103.8992895,1.33940384,43.00589928,0.343770826,0.372851563
14,10,50,residential,Ubi View,103.8962676,1.33168201,42.80289187,0.402571214,0.34803894
15,2667,200,secondary,Ubi Avenue 2,103.8939613,1.32774567,42.8018237,0.511016794,0.556401978
16,2360,100,secondary,Bartley Road East,103.8997002,1.33922064,42.78430675,0.476448247,0.396819458
17,670,50,secondary,Kim Chuan Road,103.8894315,1.34126441,42.77495956,0.572273811,
18,1218,50,residential,Lorong Paya Lebar,103.8852584,1.33932648,42.7749223,0.175878144,0.171707153
19,237,50,residential,Harper Road,103.8878153,1.33455288,42.75838025,0.238511824,0.085342407
20,1918,50,residential,Paya Lebar Street,103.8853297,1.33892755,42.71822516,0.233141763,0.317797852
21,2245,50,residential,Lorong Paya Lebar,103.8847337,1.33986038,42.59661044,0.171568856,0.197233276
22,1806,50,residential, ,103.8853507,1.3396143,42.58995086,0.123153168,0.228695068
23,530,150,secondary,Ubi Avenue 2,103.8941231,1.3279551,42.58646997,0.61365288,0.593764648
24,1900,50,residential,Jalan Anggerek,103.8824618,1.33158829,42.55592111,0.127656183,0.081538086
25,1160,50,residential,Tai Seng Avenue,103.8918865,1.33715497,42.54598207,0.29985649,0.1424823
26,2667,250,secondary,Ubi Avenue 2,103.893542,1.32758328,42.52732304,0.472370595,0.525813599
27,576,50,residential,Upper Paya Lebar Road,103.8864362,1.33863669,42.52693315,0.192579459,0.154134521
28,2233,50,primary,Upper Paya Lebar Road,103.8863224,1.33906995,42.51763725,0.172170358,0.363884888
29,395,200,residential,Defu Lane 12,103.8959441,1.34049989,42.43476595,0.299361642,0.365255534
30,1202,50,residential,Jalan Mawar,103.8832769,1.33141556,42.40995613,0.290464966,0.199182739
31,2069,50,secondary,Bartley Road East,103.8992776,1.33978808,42.39446608,0.425999789,
32,2069,100,secondary,Bartley Road East,103.8996794,1.33958608,42.30967808,0.499231808,
33,755,50,secondary,Airport Road,103.8975124,1.33997973,42.30959966,0.256677061,0.31255249
34,538,50,residential, ,103.886411,1.33821354,42.30515289,0.123837774,0.252112427
35,28,50,residential,Joo Seng Road,103.8838726,1.33800865,42.27689525,0.305644333,0.308635254
36,1650,50,residential,Paya Lebar Street,103.8848237,1.33896669,42.27222306,0.321126471,0.339989014
37,655,50,primary,MacPherson Road,103.884428,1.33247215,42.25408085,0.089610454,0.027349854
38,530,100,secondary,Ubi Avenue 2,103.8937005,1.32780149,42.23320634,0.506608011,0.477806396
39,843,100,residential,Upper Paya Lebar Road,103.8854341,1.33989396,42.19804192,0.337580755,0.198970947
40,2637,50,secondary,Bartley Road East,103.8981357,1.34006546,42.1796294,0.117350606,
41,1730,50,tertiary,Ubi Avenue 4,103.8915449,1.33301351,42.17555809,0.388056433,0.581959839
42,2667,150,secondary,Ubi Avenue 2,103.8943806,1.32790805,42.1548547,0.360136075,0.389437866
43,1017,200,primary,Upper Paya Lebar Road,103.8863891,1.33916697,42.1122592,0.116322348,0.122880249
44,349,50,primary,MacPherson Road,103.8841643,1.33253911,42.07695301,0.170237238,0.114273682
45,1483,50,tertiary,Kaki Bukit Avenue 2,103.9003677,1.33575476,42.05933321,0.361090708,0.276126709
46,1755,50,tertiary,Ubi Avenue 3,103.8929364,1.33134862,42.02070618,0.288114756,0.223027344
47,37,150,secondary,Airport Road,103.8971188,1.33938758,42.00245558,0.321008172,0.399691772
48,530,50,secondary,Ubi Avenue 2,103.8932758,1.32765432,41.99651483,0.44754325,0.390890503
49,2559,50,tertiary,Kaki Bukit Avenue 2,103.9009211,1.33661406,41.97857203,0.208430811,0.233968506
50,250,50,tertiary,Ubi Avenue 3,103.8921794,1.33104921,41.96374717,0.273222232,0.245064087
51,425,100,primary,Bartley Road East,103.8869525,1.34116472,41.95835114,0.298129234,0.196151733
52,936,50,residential,Kampong Ampat,103.8825943,1.33666507,41.93437334,0.385606565,0.315733643
53,2609,50,tertiary,Ubi Avenue 3,103.8962909,1.33272939,41.88508987,0.286830037,0.379215698
54,939,50,secondary,Airport Road,103.897216,1.33888639,41.85516485,0.438653486,0.361478882
55,2320,50,residential,Jalan Bunga Rampai,103.8843154,1.34025634,41.84936113,0.44195627,0.313312988
56,530,200,secondary,Ubi Avenue 2,103.8945456,1.3281087,41.84922632,0.45521455,0.459343872
57,843,150,residential,Upper Paya Lebar Road,103.8857349,1.33955808,41.83449427,0.093131559,0.267897949
58,806,50,tertiary,Ubi Avenue 4,103.8913541,1.33284455,41.81568718,0.333939986,0.436350098
59,186,50,primary,Upper Paya Lebar Road,103.8884722,1.33490877,41.79955128,0.173144494,0.201577759
60,2460,50,residential,Lorong Paya Lebar,103.8844481,1.34020872,41.77422587,0.361094953,0.465646973
61,349,100,primary,MacPherson Road,103.8846007,1.33264628,41.77291283,0.048591828,0.017599487
62,2344,50,primary,Upper Paya Lebar Road,103.8866547,1.33857679,41.74674743,0.301474384,0.429595337
63,1778,50,tertiary,Ubi Road 3,103.8985032,1.32804439,41.73787102,0.30936717,0.243497314
64,1950,50,primary,Upper Paya Lebar Road,103.8861162,1.33988163,41.73025258,0.201102157,0.030661011
65,1017,300,primary,Upper Paya Lebar Road,103.8858519,1.33989176,41.72847983,0.081842193,0.051761475
66,2181,50,tertiary,Ubi Road 1,103.8909805,1.33328978,41.71036421,0.557578089,0.657810669
67,2306,50,residential,Jalan Bunga Rampai,103.8829225,1.33855009,41.67393112,0.441390844,0.3315625
68,2360,50,secondary,Bartley Road East,103.900125,1.3390736,41.66912372,0.382007875,0.246589966
69,1202,100,residential,Jalan Mawar,103.8837222,1.33135532,41.66050235,0.236094457,0.273969727
70,2258,50,tertiary,Ubi Avenue 3,103.8916729,1.33084975,41.65834955,0.195757861,
71,1017,250,primary,Upper Paya Lebar Road,103.886123,1.33953123,41.64270606,0.079622362,0.050369263
72,376,100,primary,Upper Paya Lebar Road,103.8859178,1.34002134,41.6414613,0.21445998,0.051809692
73,559,50,residential,Little Road,103.885779,1.33838974,41.63822937,0.095740986,0.017567139
74,849,50,residential,Harper Road,103.8874037,1.33484366,41.63808886,0.168567011,0.234025879
75,530,250,secondary,Ubi Avenue 2,103.8949682,1.32826231,41.62267303,0.532820697,0.540629272
76,376,200,primary,Upper Paya Lebar Road,103.8864376,1.33928414,41.62048166,0.203742963,0.122888184
77,1707,100,residential,Defu Lane 11,103.8934335,1.34136884,41.60002518,0.40013508,0.230060425
78,1696,50,primary,Upper Paya Lebar Road,103.8859841,1.33952675,41.57944136,0.06428873,0.07074707
79,1017,150,primary,Upper Paya Lebar Road,103.8866373,1.3387901,41.57394409,0.213048694,0.141105347
80,376,150,primary,Upper Paya Lebar Road,103.8861858,1.33965844,41.56578416,0.133863381,0.050283813
81,2667,100,secondary,Ubi Avenue 2,103.8947999,1.32807043,41.52634811,0.489180689,0.449517822
82,1453,250,primary,Airport Road,103.8913154,1.33426424,41.47827471,0.291286426,0.305328369
83,1801,150,secondary,Ubi Avenue 2,103.897015,1.32895581,41.47007018,0.37464117,0.395066528
84,1403,50,tertiary,Ubi Avenue 4,103.8945968,1.33426626,41.46934216,0.319447333,0.277401733
85,1778,100,tertiary,Ubi Road 3,103.8984343,1.32849122,41.46566518,0.345307879,0.302467651
86,1707,50,residential,Defu Lane 11,103.8937946,1.34110564,41.46350332,0.543948987,0.164836426
87,1950,100,primary,Upper Paya Lebar Road,103.886381,1.33951766,41.45269775,0.335920339,0.088496704
88,979,50,residential,Upper Paya Lebar Road,103.8866729,1.33823762,41.43679751,0.322626948,0.213372192
89,286,50,residential,Jalan Bunga Rampai,103.8826615,1.33914703,41.43257552,0.624811558,0.49831543
90,1596,50,primary,MacPherson Road,103.8850908,1.33274862,41.42530441,0.078789758,0.210162964
91,708,150,secondary,Ubi Avenue 2,103.896851,1.32899867,41.41680663,0.393309974,0.449360962
92,376,250,primary,Upper Paya Lebar Road,103.8866743,1.33889996,41.39640632,0.295279863,0.217166138
93,717,50,tertiary,Ubi Road 3,103.8979859,1.33106281,41.38197072,0.229674608,0.20232605
94,1452,50,primary,Upper Paya Lebar Road,103.8884843,1.33522158,41.37020493,0.288577825,0.293163452
95,1801,100,secondary,Ubi Avenue 2,103.8974315,1.32912543,41.35882378,0.48644993,0.556075439
96,587,50,primary,Upper Paya Lebar Road,103.888682,1.33432255,41.33280598,0.161529217,0.157018433
97,1985,50,tertiary,Ubi Avenue 3,103.8954927,1.33232674,41.33274959,0.236607711,0.227918701
98,2667,50,secondary,Ubi Avenue 2,103.8952192,1.32823282,41.32313009,0.49949781,0.485500488
99,97,50,primary,Airport Road,103.8899386,1.33391922,41.32197653,0.561609483,0.471419067
100,1453,300,primary,Airport Road,103.8908959,1.33410244,41.32066236,0.452840722,0.322914429
101,2363,50,residential,Jalan Belangkas,103.883484,1.32936623,41.30000305,0.197569256,0.149519043
102,97,100,primary,Airport Road,103.8903672,1.33405464,41.29181417,0.422013644,0.430197144
103,1770,50,primary,Airport Road,103.8912666,1.3343937,41.28601106,0.457891695,0.482322998
104,2555,100,residential,Jalan Melati,103.8831892,1.32908454,41.27649975,0.175053066,0.124857788
105,37,100,secondary,Airport Road,103.8968586,1.33901906,41.25338205,0.195052427,0.3006604
106,1957,50,residential,Tai Seng Street,103.8903422,1.33512874,41.23135916,0.401588702,0.476323853
107,260,150,residential,Davidson Road,103.8851828,1.33330075,41.22157179,0.043527422,0.003995972
108,1801,200,secondary,Ubi Avenue 2,103.8965985,1.3287862,41.21912702,0.490467137,0.476146851
109,530,300,secondary,Ubi Avenue 2,103.8953907,1.32841591,41.21778079,0.521429586,0.561694336
110,1453,200,primary,Airport Road,103.8917348,1.33442645,41.20918719,0.577458017,0.228699951
111,1452,100,primary,Upper Paya Lebar Road,103.8886709,1.33481033,41.20393753,0.36345878,0.266755981
112,186,100,primary,Upper Paya Lebar Road,103.8882884,1.3353213,41.20230449,0.210977657,0.296046143
113,1453,350,primary,Airport Road,103.8904733,1.333949,41.18780606,0.420845011,0.472873535
114,843,50,residential,Upper Paya Lebar Road,103.8851353,1.34023162,41.18430138,0.472668827,0.296678467
115,708,100,secondary,Ubi Avenue 2,103.8964342,1.32882984,41.15216481,0.509652309,0.509291382
116,2101,50,secondary,Ubi Avenue 2,103.8958869,1.32849638,41.14057189,0.347363401,0.297246094
117,1017,350,primary,Upper Paya Lebar Road,103.8855645,1.34023931,41.1340288,0.159612794,0.070588379
118,1306,50,residential,Davidson Road,103.8852903,1.332802,41.12161314,0.09933037,0.069395142
119,708,50,secondary,Ubi Avenue 2,103.8960174,1.32866102,41.08383283,0.335955559,0.368883057
120,2099,50,residential,Jalan Sikudangan,103.8832322,1.32985377,41.04672652,0.160007409,0.112341919
121,2178,50,residential,Kim Chuan Lane,103.8913692,1.33946088,41.03292604,0.303188153,0.246419678
122,425,50,primary,Bartley Road East,103.8873548,1.34136619,41.0229859,0.309719396,0.134475098
123,1107,50,secondary,Kaki Bukit Avenue 1,103.9028337,1.33247274,41.02055768,0.302175175,0.284321899
124,1770,100,primary,Airport Road,103.8916796,1.33457169,41.02052513,0.57902801,0.392703247
125,2214,50,residential,Joo Seng Road,103.8820824,1.33675027,41.01889747,0.333414683,0.316760254
126,1735,50,tertiary,Ubi Road 3,103.8976072,1.33306174,41.01036731,0.230370047,
127,749,50,residential,MacTaggart Road,103.885815,1.33484608,41.00867668,0.277262932,0.395108643
128,770,50,tertiary,Ubi Avenue 3,103.8958678,1.33254505,41.00395039,0.29331487,0.326818848
129,433,50,primary,Paya Lebar Road,103.8892371,1.33246247,40.98510331,0.25785362,0.292202148
130,1017,100,primary,Upper Paya Lebar Road,103.8868622,1.33839878,40.9776164,0.321490086,0.261912842
131,546,50,primary,Airport Road,103.8894542,1.33376793,40.97189155,0.45333066,0.430644531
132,2175,50,residential,Defu Lane 12,103.8966591,1.34014333,40.94456809,0.373055655,0.375559082
133,1182,50,secondary,Bartley Road East,103.8974791,1.34045097,40.93424372,0.181403247,
134,423,50,residential,Kim Chuan Terrace,103.8907391,1.33950093,40.92748833,0.203435888,0.185644531
135,787,50,residential,Ubi View,103.8972898,1.33231159,40.86913329,0.256637704,0.002903442
136,2285,50,residential,Tai Seng Link,103.8898053,1.33644661,40.85534586,0.329296732,0.384816284
137,2606,50,primary,Upper Paya Lebar Road,103.8867298,1.33894377,40.85002283,0.472910137,0.294391479
138,1896,100,primary,Bartley Road East,103.8864601,1.34131504,40.82649549,0.101487378,0.416982422
139,1865,50,residential,Kaki Bukit Industrial Terrace,103.9026146,1.336286,40.81787491,0.153103221,0.125787964
140,376,300,primary,Upper Paya Lebar Road,103.8869,1.33850899,40.81767566,0.467743774,0.287525635
141,260,100,residential,Davidson Road,103.8850842,1.3337419,40.78130817,0.020210491,0.001237793
142,2555,50,residential,Jalan Melati,103.8827439,1.32914472,40.78125027,0.199529689,0.178007202
143,19,50,tertiary,Ubi Avenue 3,103.8975173,1.33322233,40.77497248,0.171979374,
144,2015,50,residential,Kim Chuan Drive,103.8908501,1.34113054,40.76844502,0.134123768,0.123604126
145,989,100,primary,MacPherson Road,103.8833997,1.33235839,40.76050186,0.072460477,0.060650635
146,362,50,residential,Jalan Jermin,103.8832307,1.33061526,40.75323662,0.215794579,0.185203857
147,452,50,residential,Kampong Ampat,103.8830752,1.3359899,40.74728203,0.17738739,0.121812134
148,2141,50,secondary,Bartley Road East,103.9007158,1.33888982,40.74471488,0.338179882,0.234273071
149,2606,100,primary,Upper Paya Lebar Road,103.8869298,1.33853883,40.74390587,0.497420255,0.330103149
150,270,50,residential,Playfair Road,103.8869218,1.33316106,40.74329758,0.232260472,0.148284912
151,2414,50,secondary,Kim Chuan Road,103.8912782,1.34131163,40.70768547,0.380611307,0.294418335
152,989,50,primary,MacPherson Road,103.8829599,1.33226625,40.70400683,0.110877589,0.046474609
153,102,50,residential,Kim Chuan Terrace,103.8909449,1.34065726,40.70088114,0.301798127,0.233453369
154,2502,50,residential,Defu Lane 12,103.8945869,1.33971332,40.68127886,0.341615196,0.286166992
155,494,50,residential,Kampong Ampat,103.8825248,1.33257398,40.67391523,0.304592486,0.137434692
156,1937,50,primary,Upper Paya Lebar Road,103.8857055,1.34039387,40.66232872,0.525990461,0.070574341
157,2509,50,residential,Ubi Road 2,103.8945391,1.33473122,40.66133308,0.395859701,0.277498779
158,2453,50,primary,MacPherson Road,103.8857332,1.3328799,40.65795422,0.323709372,0.292380981
159,2517,50,residential,Defu Lane 12,103.8950585,1.33971819,40.65659949,0.333013708,0.412692871
160,376,50,primary,Upper Paya Lebar Road,103.8856379,1.34037477,40.63864101,0.401076687,0.070546875
161,776,50,tertiary,Ubi Avenue 1,103.9029618,1.32804088,40.61548879,0.333288322,0.388499146
162,2414,100,secondary,Kim Chuan Road,103.8915173,1.34092882,40.60659379,0.377677187,0.385617065
163,269,50,residential,Kim Chuan Lane,103.8917093,1.33976595,40.60254033,0.276828002,0.316293945
164,2493,150,secondary,Airport Road,103.8981273,1.34060523,40.59651478,0.221482998,
165,1527,50,tertiary,Kaki Bukit Road 3,103.901739,1.33821262,40.57320023,0.314922037,0.270700684
166,1408,100,primary,MacPherson Road,103.8867514,1.33310653,40.53423867,0.220999748,0.299789429
167,260,50,residential,Davidson Road,103.8849855,1.33418305,40.5313936,0.170988841,0.016177979
168,86,50,tertiary,Kaki Bukit Avenue 2,103.9015911,1.3381465,40.50150211,0.31139435,0.219243774
169,261,50,residential,Pereira Road,103.8861952,1.33775652,40.46552944,0.276468335,0.394624634
170,975,50,residential,Playfair Road,103.8865799,1.33417693,40.46444614,0.191057261,0.297349243
171,1408,50,primary,MacPherson Road,103.886313,1.33300766,40.46381496,0.255865266,0.239606323
172,311,50,residential,Tai Seng Link,103.8906559,1.33766591,40.45433148,0.285297644,0.249761963
173,37,50,secondary,Airport Road,103.8966053,1.33864558,40.40434353,0.599652584,0.46836731
174,1801,50,secondary,Ubi Avenue 2,103.8978479,1.32929505,40.4005255,0.296455703,0.249857788
175,1193,50,residential,Defu Lane 12,103.8954767,1.33945031,40.37491226,0.281119857,0.248756714
176,282,100,primary,Paya Lebar Road,103.889177,1.33187695,40.36239536,0.33320403,0.376727295
177,1217,50,secondary,Ubi Avenue 2,103.9012958,1.33094947,40.35911274,0.192409041,0.187706299
178,395,250,residential,Defu Lane 12,103.8963881,1.34053848,40.34984239,0.260300986,0.415719604
179,284,50,primary,MacPherson Road,103.8873648,1.33324713,40.34652901,0.23948332,0.274326172
180,713,50,tertiary,Ubi Avenue 3,103.8979774,1.33342573,40.32294707,0.210476397,
181,2069,150,secondary,Bartley Road East,103.9000953,1.33941611,40.32240677,0.413644527,
182,1686,50,primary,MacPherson Road,103.8854614,1.33268572,40.31421955,0.225012147,0.153392944
183,423,100,residential,Kim Chuan Terrace,103.8904442,1.33984206,40.30291436,0.177230995,0.215521851
184,1272,50,residential,Tai Seng Avenue,103.8904004,1.33780321,40.26956793,0.372990051,0.329112549
185,2168,50,primary,MacPherson Road,103.888868,1.33360885,40.24646568,0.107783804,0.131352539
186,2665,50,residential,Kim Chuan Terrace,103.8905958,1.34035558,40.23420824,0.221083219,0.139805298
187,1163,50,residential,Tai Seng Street,103.8891601,1.33677464,40.23365593,0.324966234,0.472029419
188,78,100,residential,Jalan Raya,103.8829477,1.32847906,40.18778888,0.146534099,0.117507324
189,1066,50,residential,Kim Chuan Terrace,103.8899607,1.34040276,40.18063418,0.149823084,0.170175781
190,2214,100,residential,Joo Seng Road,103.8819497,1.33632094,40.1676927,0.611155729,0.503410645
191,1421,50,residential,Kim Chuan Drive,103.8912967,1.34037533,40.16734842,0.161742925,0.118890991
192,1421,100,residential,Kim Chuan Drive,103.8915903,1.34004136,40.15412287,0.178808425,0.230715942
193,190,100,secondary,Bartley Road East,103.8952276,1.34163174,40.15131442,0.324034024,0.077125854
194,1834,100,primary,MacPherson Road,103.88723,1.33307974,40.14998141,0.324467467,0.384760132
195,193,50,tertiary,Ubi Road 3,103.8975385,1.3333893,40.14146723,0.226474621,
196,1361,50,secondary,Ubi Avenue 2,103.8978331,1.32940629,40.12882467,0.267898634,0.241047974
197,1217,100,secondary,Ubi Avenue 2,103.9009202,1.33070143,40.09985616,0.26604864,0.390583496
198,2367,50,primary,Upper Paya Lebar Road,103.8843424,1.34149116,40.09406553,0.241928211,0.083181152
199,512,50,residential,Ubi Road 2,103.894274,1.33528749,40.08809016,0.266766337,0.227471924
200,1060,100,secondary,Bartley Road East,103.8961758,1.3411569,40.08466403,0.187176361,0.065332642
201,2493,50,secondary,Airport Road,103.898558,1.34139779,40.06729635,0.474651664,
202,2468,50,secondary,Airport Road,103.8981178,1.34094655,40.06263224,0.537796276,
203,2493,100,secondary,Airport Road,103.8983541,1.34099559,40.05680708,0.404169855,
204,2232,50,secondary,Bartley Road East,103.900563,1.33923962,40.04134805,0.31341838,
205,1037,100,primary,Upper Paya Lebar Underpass,103.8847525,1.34110424,40.03531764,0.330974013,0.008870239
206,2583,50,primary,Airport Road,103.8891771,1.33353987,40.02926137,0.147268898,0.167045898
207,1453,150,primary,Airport Road,103.8921409,1.33461901,40.01800596,0.545526062,0.301635132
208,636,50,residential,Jalan Belangkas,103.8835971,1.33011138,40.00396758,0.16722735,0.250026245
209,541,50,primary,Paya Lebar Road,103.8893467,1.33182006,39.99185017,0.296367757,0.307891846
210,557,50,secondary,Airport Road,103.8983657,1.34141217,39.97051914,0.40412114,
211,1834,50,primary,MacPherson Road,103.8876685,1.33317844,39.93729623,0.295584712,0.227017822
212,1780,50,tertiary,Ubi Avenue 1,103.9013714,1.32907767,39.9161698,0.404022492,0.369720459
213,548,50,primary,MacPherson Road,103.8866821,1.33295637,39.90853236,0.316808546,0.399769897
214,714,100,primary,Upper Paya Lebar Road,103.8874499,1.3374239,39.90392509,0.131907672,0.296637573
215,2239,50,primary,Upper Paya Lebar Road,103.8841962,1.34143915,39.90062124,0.463185153,0.514571533
216,683,50,primary,MacPherson Road,103.8861356,1.33283226,39.89075294,0.214473874,0.288829346
217,138,50,secondary,Bartley Road East,103.901159,1.33901839,39.88886261,0.368888963,
218,2200,50,secondary,Ubi Avenue 2,103.9016874,1.3312322,39.83877857,0.358232073,0.424983521
219,134,50,residential,Ubi Road 4,103.8983355,1.33060119,39.83780924,0.231246007,0.242457275
220,99,50,primary,Airport Road,103.8921525,1.33480045,39.80278937,0.580320925,0.470899658
221,1762,50,residential,Paya Lebar Road,103.89112,1.32830785,39.79594394,0.128235219,0.120461426
222,1489,100,secondary,Ubi Avenue 2,103.9009104,1.33081244,39.79408487,0.259592108,0.294894409
223,1780,100,tertiary,Ubi Avenue 1,103.9018148,1.32915003,39.76646096,0.451783627,0.492711792
224,1936,50,secondary,Ubi Avenue 2,103.8984431,1.32954054,39.75837291,0.078051069,0.116832886
225,1769,50,residential,Harrison Road,103.8847614,1.33530697,39.72195326,0.176830865,0.232150269
226,1572,50,secondary,Bartley Road East,103.8966321,1.34118966,39.71940613,0.200577019,0.287391968
227,847,50,residential, ,103.8965813,1.34137339,39.67439706,0.400119604,0.28770813
228,284,100,primary,MacPherson Road,103.8878027,1.33334817,39.67103631,0.228150499,0.21666748
229,1850,50,secondary,Airport Road,103.8967537,1.33822593,39.66389495,0.446826433,0.352687988
230,1060,50,secondary,Bartley Road East,103.8965731,1.34094565,39.65168029,0.276550013,0.072311401
231,812,100,residential,Playfair Road,103.8861059,1.33546804,39.64809799,0.359563211,0.390825806
232,1146,50,residential,Shaw Road,103.8840504,1.33569986,39.64366095,0.410999049,0.454405518
233,2527,50,residential,Playfair Road,103.8853193,1.33712256,39.61046441,0.296036628,0.323631592
234,291,50,tertiary,Ubi Road 3,103.8981788,1.33002515,39.60163527,0.314418897,0.219865112
235,368,50,residential,Tai Seng Drive,103.8929526,1.33719359,39.59248956,0.210788785,0.259514771
236,190,50,secondary,Bartley Road East,103.8956341,1.34143989,39.59165955,0.366188036,0.071404419
237,898,50,residential,MacPherson Walk,103.8876861,1.33271907,39.57918861,0.397343236,0.277158203
238,1809,50,secondary,Ubi Avenue 2,103.9017896,1.3314364,39.5717253,0.226539432,0.265397949
239,385,50,primary,Bartley Road East,103.8862159,1.34088231,39.56484105,0.220557269,0.030324707
240,2680,100,residential, ,103.8966971,1.34170281,39.551955,0.38896532,
241,714,50,primary,Upper Paya Lebar Road,103.887253,1.33783036,39.50959078,0.447381002,0.315214233
242,307,50,primary,Upper Paya Lebar Road,103.8875179,1.33692606,39.46182926,0.245479725,0.258066406
243,1199,50,residential,Irving Road,103.8865792,1.33541972,39.45509211,0.391476953,0.489900513
244,111,100,residential,Jalan Chengkek,103.8845065,1.33043098,39.44271033,0.122177667,0.100209351
245,688,100,primary,Airport Road,103.8952765,1.33667141,39.44000972,0.354319646,0.402397461
246,714,150,primary,Upper Paya Lebar Road,103.8876462,1.33701717,39.43868528,0.224686641,0.387786255
247,1017,50,primary,Upper Paya Lebar Road,103.8870699,1.33799792,39.43565897,0.387507645,0.274047241
248,692,50,residential,Jalan Chengkek,103.8843352,1.32931909,39.43436872,0.115959892,0.179107666
249,78,50,residential,Jalan Raya,103.8824987,1.32849282,39.42630418,0.331781755,0.376260986
250,2621,100,tertiary,Merpati Road,103.8829669,1.32749122,39.40408816,0.315413145,0.268284912
251,2701,50,secondary,Kim Chuan Road,103.887215,1.33999982,39.36627717,0.398272337,
252,1489,50,secondary,Ubi Avenue 2,103.9005374,1.33056035,39.33731188,0.383875979,0.329572144
253,1273,50,primary,Airport Road,103.895384,1.33698525,39.32738463,0.350919603,0.133395386
254,75,50,tertiary,Merpati Road,103.8838408,1.32743351,39.32629204,0.498638155,0.365906982
255,1821,100,residential,Tai Seng Avenue,103.887609,1.34030895,39.3181751,0.271407377,
256,812,50,residential,Playfair Road,103.8859103,1.33587514,39.31283921,0.384027363,0.393362427
257,668,50,primary,Bartley Road East,103.8857279,1.34076299,39.30840819,0.335850684,0.05315918
258,688,50,primary,Airport Road,103.8956007,1.33698415,39.25816727,0.435402563,0.386323242
259,233,50,primary,Airport Road,103.8953396,1.33702958,39.22931353,0.418409438,0.133519287
260,2469,50,residential,Jalan Chengkek,103.8846334,1.33132955,39.20470428,0.223788328,0.182172241
261,2680,50,residential, ,103.8962796,1.34153933,39.19992482,0.404724171,0.267241821
262,417,50,secondary,Ubi Avenue 2,103.8986586,1.32975414,39.19451317,0.126944475,0.252927856
263,2037,50,primary,Paya Lebar Road,103.88942,1.33069234,39.19217506,0.301782939,0.332106323
264,261,100,residential,Pereira Road,103.885752,1.33768232,39.19076729,0.208278441,0.189225464
265,1453,100,primary,Airport Road,103.8925435,1.33481983,39.15357942,0.333862469,0.334222412
266,107,50,residential,MacTaggart Road,103.8838329,1.33438639,39.07229678,0.355850185,0.325495605
267,2391,50,residential,Tai Seng Drive,103.8945092,1.3377354,39.03987356,0.204168417,0.203673096
268,2438,50,residential,MacPherson Lane,103.8851254,1.33134947,39.00067227,0.566159906,0.363007813
269,2621,50,tertiary,Merpati Road,103.8825185,1.32751904,38.97703934,0.33618293,0.237069702
270,1674,50,residential,Tai Seng Avenue,103.8931638,1.33659588,38.97044138,0.237749906,0.193291016
271,688,150,primary,Airport Road,103.8949454,1.33636576,38.93711581,0.40993008,0.408761597
272,1896,50,primary,Bartley Road East,103.8860359,1.34116633,38.93671172,0.077347863,0.172041016
273,111,50,residential,Jalan Chengkek,103.8844398,1.32998388,38.93553778,0.150847064,0.07914978
274,99,100,primary,Airport Road,103.892556,1.33499931,38.91820018,0.468162076,0.449987183
275,1453,50,primary,Airport Road,103.892946,1.33502062,38.85135064,0.294241307,0.196193848
276,1484,50,secondary,Bartley Road East,103.895906,1.34154482,38.84383219,0.278416885,0.231484375
277,2634,50,residential,Jalan Melor,103.8847698,1.33181357,38.82604436,0.299104728,0.320040894
278,714,200,primary,Upper Paya Lebar Road,103.8878425,1.33661044,38.7914907,0.468531701,0.549214478
279,1967,100,residential,Ubi Road 4,103.8996211,1.33114031,38.78814022,0.238847442,0.321098633
280,2469,100,residential,Jalan Chengkek,103.8846669,1.33177782,38.77834261,0.290356697,0.292553101
281,661,50,tertiary,Merpati Road,103.8854119,1.3274832,38.73239194,0.254497959,0.203231812
282,2173,50,primary,Upper Paya Lebar Road,103.8850777,1.34095727,38.69408035,0.13902733,0.088403931
283,1037,50,primary,Upper Paya Lebar Underpass,103.8850675,1.34078182,38.67435891,0.1436683,0.085852051
284,337,50,residential,MacPherson Lane,103.8852081,1.33190508,38.57641138,0.385132535,0.327921143
285,1917,50,residential,Tai Seng Avenue,103.8893933,1.33826197,38.57236753,0.336774504,0.260230713
286,186,150,primary,Upper Paya Lebar Road,103.8881021,1.33573276,38.57151853,0.154577721,0.147774658
287,1038,50,primary,Paya Lebar Road,103.889962,1.32782521,38.47403308,0.379780481,0.356947021
288,137,50,primary,Bartley Road East,103.8855966,1.34104746,38.39651548,0.16317039,0.391293945
289,1967,50,residential,Ubi Road 4,103.9000325,1.33131954,38.3884471,0.324996099,0.394909058
290,107,100,residential,MacTaggart Road,103.8834472,1.33415663,38.36667283,0.247045403,0.295854492
291,233,100,primary,Airport Road,103.8956601,1.33734648,38.23629379,0.346292306,0.212880859
292,186,200,primary,Upper Paya Lebar Road,103.8879156,1.33614414,38.21860967,0.190047631,0.18524231
293,2297,50,primary,Airport Road,103.8944931,1.33601811,38.189984,0.256046788,0.214130249
294,718,50,secondary,Airport Road,103.8964403,1.33788735,38.18801062,0.276570019,0.277007446
295,1923,50,residential,Irving Place,103.8863292,1.33601776,38.15325356,0.303596549,0.376686401
296,2114,50,primary,Paya Lebar Road,103.8894603,1.33121482,38.15297154,0.370019782,0.36494751
297,1273,100,primary,Airport Road,103.8957071,1.33729936,38.14724761,0.345693004,0.300151367
298,1273,150,primary,Airport Road,103.8960283,1.33761549,38.10288484,0.261053132,0.152701416
299,36,100,residential,Tai Seng Avenue,103.8881638,1.33972821,38.01575334,0.355726814,0.34894165
300,99,150,primary,Airport Road,103.8929495,1.33521701,38.01354911,0.435224845,0.467756958
301,65,100,primary,Paya Lebar Road,103.8901234,1.3279857,37.98539558,0.519649347,0.404729004
302,1330,50,tertiary,Ubi Avenue 1,103.9003603,1.32984835,37.96751903,0.292677609,0.314210205
303,1821,50,residential,Tai Seng Avenue,103.8879034,1.33996738,37.92513116,0.421725613,0.498324585
304,282,50,primary,Paya Lebar Road,103.8892568,1.33143207,37.85157067,0.382635427,0.40920166
305,36,50,residential,Tai Seng Avenue,103.8878914,1.34008776,37.82040992,0.403298435,0.498220215
306,714,250,primary,Upper Paya Lebar Road,103.8880308,1.33619991,37.80392774,0.312869318,0.406895142
307,1984,150,secondary,Ubi Avenue 2,103.8989376,1.32974494,37.63260768,0.202799515,0.265900269
308,2370,100,primary,Paya Lebar Road,103.8897948,1.32878237,37.5008777,0.239918165,0.267134399
309,197,50,tertiary,Circuit Road,103.8877288,1.32750262,37.47285788,0.433240187,0.43614563
310,1192,50,tertiary,Circuit Road,103.8855573,1.32802879,37.22440338,0.475745661,0.430595093
311,2370,150,primary,Paya Lebar Road,103.8897132,1.32922703,37.08541371,0.535805136,0.42446167
312,1723,50,secondary,Ubi Avenue 2,103.8999009,1.33027834,37.05824016,0.206081147,0.188044434
313,506,50,primary,Paya Lebar Road,103.8898529,1.32923137,36.97571237,0.503849436,0.350239868
314,65,50,primary,Paya Lebar Road,103.8900242,1.3284267,36.9370842,0.328084511,0.276271973
315,2370,50,primary,Paya Lebar Road,103.8898731,1.3283371,36.87926674,0.244421318,0.261159668
316,417,100,secondary,Ubi Avenue 2,103.8990737,1.32992716,36.63657966,0.300072311,0.445591431
317,1984,50,secondary,Ubi Avenue 2,103.8997684,1.33008954,36.49223016,0.124389834,0.174418945
318,1192,100,tertiary,Circuit Road,103.885649,1.32847004,36.20742385,0.246545533,0.166200562
319,2410,100,tertiary,Circuit Road,103.8871451,1.32847685,36.0086285,0.209378995,0.159176025
320,1984,100,secondary,Ubi Avenue 2,103.899353,1.32991724,35.92577127,0.354786593,0.378164063
321,2283,50,primary,Paya Lebar Road,103.8895936,1.32981604,35.86324428,0.321643145,0.358740234
322,1192,150,tertiary,Circuit Road,103.8859272,1.3288122,35.80593436,0.292588642,0.257276001
323,2410,50,tertiary,Circuit Road,103.8868354,1.32880094,35.66214899,0.231595655,0.225568848
324,2653,100,primary,Ang Mo Kio Avenue 6,103.8450562,1.37502906,42.14888668,0.038798993,0.08531189
325,783,50,primary,Ang Mo Kio Avenue 6,103.8450688,1.37441378,41.48114427,0.059612419,0.099283447
326,2463,50,primary,Ang Mo Kio Avenue 6,103.8450117,1.37487198,40.9770159,0.037441658,0.071571655
327,367,50,residential,Ang Mo Kio Central 2,103.846196,1.37326869,40.43444061,0.326520847,0.31737793
328,92,50,primary,Ang Mo Kio Avenue 6,103.8451603,1.37421947,40.24665288,0.102351662,0.09086853
329,1439,50,residential,Mayflower Way,103.84073,1.37227871,40.01376724,0.286683855,0.205684204
330,2531,150,residential,Mayflower Crescent,103.8402772,1.37224528,39.98296386,0.24648989,0.127791748
331,890,50,residential,Mayflower Avenue,103.838857,1.37276649,39.90545709,0.372722547,0.496795654
332,822,50,primary,Ang Mo Kio Avenue 5,103.857004,1.37603062,39.61403069,0.48624198,0.412619019
333,941,50,residential,Mayflower Way,103.8399048,1.37217226,39.42842702,0.245835833,0.161217041
334,1290,50,residential,Ang Mo Kio Central 2,103.8464001,1.37294453,39.35376072,0.398341735,0.402674561
335,2024,250,residential,Mayflower Place,103.8407429,1.37261409,39.34629587,0.269202025,0.132542114
336,1079,50,residential,Ang Mo Kio Central 2,103.8456014,1.3741237,39.32152585,0.308678986,0.318446655
337,1423,100,residential,Ang Mo Kio Street 43,103.8559698,1.36726311,39.2717901,0.472479744,0.431807251
338,2194,50,residential,Mayflower Terrace,103.8406692,1.37167336,39.27001254,0.215696758,0.178551025
339,1507,50,residential,Mayflower Rise,103.8383935,1.37226161,39.2471071,0.572326877,0.630583496
340,2531,100,residential,Mayflower Crescent,103.8400792,1.37265121,39.23600878,0.572006945,0.479018555
341,2653,50,primary,Ang Mo Kio Avenue 6,103.8450003,1.37547773,39.1820934,0.039459842,0.071576538
342,2193,50,primary,Ang Mo Kio Avenue 5,103.8577548,1.37622945,39.11218366,0.308588264,0.283875122
343,2463,100,primary,Ang Mo Kio Avenue 6,103.8449528,1.37532026,39.10363579,0.024480841,0.073426514
344,2309,50,primary,Ang Mo Kio Avenue 5,103.8580232,1.37649011,39.06185062,0.218428883,0.161566772
345,1191,200,primary,Ang Mo Kio Avenue 6,103.8454176,1.37220433,39.04292436,0.061418871,0.122164307
346,1191,150,primary,Ang Mo Kio Avenue 6,103.8453601,1.3726528,38.96508701,0.036113856,0.10661377
347,303,50,primary,Ang Mo Kio Avenue 8,103.8491398,1.36993514,38.94069202,0.130168659,0.167893066
348,1290,100,residential,Ang Mo Kio Central 2,103.846846,1.37299951,38.92245553,0.508312399,0.506350098
349,2194,100,residential,Mayflower Terrace,103.840224,1.37161223,38.92236856,0.228158038,0.235795898
350,846,100,primary,Ang Mo Kio Avenue 8,103.8484588,1.37132556,38.88789336,0.472058617,0.437410278
351,801,50,primary,Ang Mo Kio Avenue 8,103.8491557,1.37015588,38.88371686,0.073508699,0.087767334
352,523,50,residential,Ang Mo Kio Street 53,103.8508913,1.37511878,38.85512652,0.304172783,0.307281494
353,345,50,primary,Ang Mo Kio Avenue 3,103.8563508,1.36915607,38.80288996,0.288103479,0.220571289
354,2615,100,primary,Ang Mo Kio Avenue 5,103.8570852,1.37622305,38.79402718,0.528320191,0.484421997
355,1817,50,primary,Ang Mo Kio Avenue 3,103.8562939,1.36926871,38.74199148,0.213894798,0.290529785
356,1726,50,primary,Ang Mo Kio Avenue 6,103.8452587,1.37235437,38.66603851,0.07905989,0.111630249
357,1191,250,primary,Ang Mo Kio Avenue 6,103.8454751,1.37175586,38.65957906,0.086939,0.097628784
358,162,50,residential,Ang Mo Kio Street 43,103.8558847,1.36718699,38.6295493,0.441479356,0.484573364
359,2561,100,primary,Ang Mo Kio Avenue 8,103.8484071,1.37181557,38.58120551,0.475663958,0.4574823
360,1458,50,residential,Ang Mo Kio Central 2,103.8456529,1.37406997,38.51365251,0.396826369,0.318446655
361,760,50,residential,Mayflower Avenue,103.8393067,1.3724203,38.48788716,0.457264026,0.469971313
362,2024,100,residential,Mayflower Place,103.8398834,1.37352443,38.48703512,0.335259829,0.392280273
363,1029,50,primary,Ang Mo Kio Avenue 5,103.8582094,1.3763425,38.46897541,0.192638456,0.136906738
364,2560,50,primary,Ang Mo Kio Avenue 8,103.8481727,1.37244717,38.41710906,0.385092394,0.436417847
365,164,100,residential,Serenade Walk,103.8346868,1.37934747,38.41375651,0.337093662,0.271247559
366,1507,100,residential,Mayflower Rise,103.8387966,1.37206198,38.37578436,0.378295097,0.388096924
367,2531,50,residential,Mayflower Crescent,103.8397883,1.37295847,38.35778754,0.611924993,0.545266724
368,643,100,primary,Ang Mo Kio Avenue 6,103.84545,1.37094138,38.34202194,0.043787057,0.011399536
369,1049,50,primary,Ang Mo Kio Avenue 6,103.8453767,1.37150754,38.33200328,0.031535441,0.046174927
370,1740,50,primary,Ang Mo Kio Avenue 3,103.8486993,1.36883698,38.32063235,0.200378761,0.281088867
371,1989,50,residential,Ang Mo Kio Street 53,103.8508613,1.37552071,38.31536033,0.300714191,0.427191162
372,1726,100,primary,Ang Mo Kio Avenue 6,103.8451954,1.37280204,38.31072835,0.091661891,0.09539856
373,1734,50,residential,Mayflower Road,103.8411423,1.37191555,38.29910601,0.502859627,0.44605896
374,1079,100,residential,Ang Mo Kio Central 2,103.8460485,1.37416666,38.28318717,0.443113708,0.363615723
375,1423,50,residential,Ang Mo Kio Street 43,103.8555468,1.3674157,38.2667375,0.527461131,0.536408691
376,12,50,secondary,Ang Mo Kio Avenue 10,103.8567021,1.367497,38.25632997,0.387746138,0.378609619
377,1702,50,primary,Ang Mo Kio Avenue 3,103.8487198,1.36872569,38.25350776,0.196829239,0.497825928
378,611,50,primary,Ang Mo Kio Avenue 6,103.8455456,1.37127394,38.25100381,0.023316934,0.02201355
379,2561,50,primary,Ang Mo Kio Avenue 8,103.8483218,1.37225818,38.23303141,0.338799994,0.428535767
380,2615,50,primary,Ang Mo Kio Avenue 5,103.8566562,1.37608938,38.22625351,0.695312899,0.500933838
381,2349,100,residential,Mayflower Lane,103.8401276,1.37097366,38.21709765,0.354073245,0.228394775
382,2315,100,secondary,Ang Mo Kio Avenue 10,103.8568522,1.36913952,38.21392441,0.1126321,0.18607666
383,196,50,primary,Ang Mo Kio Avenue 8,103.8486634,1.37113634,38.21149503,0.313632109,0.319130859
384,1790,50,residential,Ang Mo Kio Street 43,103.8565577,1.36707111,38.19731316,0.354777008,0.275757446
385,446,50,primary,Ang Mo Kio Avenue 8,103.8494204,1.36969137,38.18622501,0.122130973,0.122789917
386,1525,50,residential,Mayflower Road,103.8406379,1.37042654,38.14364888,0.244907338,0.24694397
387,855,50,secondary,Ang Mo Kio Avenue 10,103.8567869,1.36833152,38.13136133,0.444078167,0.426029053
388,281,50,primary,Ang Mo Kio Avenue 6,103.8448973,1.37579239,38.11574658,0.023054228,0.063234863
389,95,50,residential,Mayflower Drive,103.838739,1.37336276,38.10877773,0.28124669,0.201113281
390,1296,50,primary,Ang Mo Kio Avenue 3,103.8450446,1.36906947,38.10535295,0.04021821,0.030574341
391,1140,50,residential,Mayflower Crescent,103.8393393,1.37302717,38.09499713,0.480243883,0.560032349
392,1291,50,residential,Ang Mo Kio Street 53,103.8509268,1.37569668,38.09081777,0.273901471,0.439924316
393,2024,50,residential,Mayflower Place,103.8394413,1.373605,38.08585622,0.321620982,0.394414673
394,1051,100,primary,Ang Mo Kio Avenue 5,103.843465,1.37727496,38.07644517,0.105501117,0.062723389
395,2349,50,residential,Mayflower Lane,103.840574,1.37102526,38.04267537,0.251673443,0.193826294
396,2044,100,residential,Ang Mo Kio Street 53,103.8507652,1.37396782,38.03927319,0.39581858,0.49116272
397,389,50,primary,Ang Mo Kio Avenue 3,103.8452079,1.36918813,38.02909206,0.048030735,0.081171875
398,2194,150,residential,Mayflower Terrace,103.8397789,1.3715511,38.01479721,0.46805022,0.336263428
399,1895,50,primary,Ang Mo Kio Avenue 3,103.845834,1.36897913,38.01427636,0.027397222,0.064857585
400,664,50,primary,Ang Mo Kio Avenue 3,103.8492671,1.36882437,37.95950921,0.021945608,0.527011108
401,2251,50,residential,Ang Mo Kio Street 53,103.8508079,1.37465851,37.94502095,0.334023908,0.283334961
402,1191,100,primary,Ang Mo Kio Avenue 6,103.8453026,1.37310127,37.93662291,0.087152004,0.09659668
403,2024,150,residential,Mayflower Place,103.8403051,1.37339726,37.91198085,0.367078426,0.359853516
404,2571,50,secondary,Ang Mo Kio Avenue 10,103.8568411,1.36797381,37.89442268,0.29699622,0.201993408
405,1581,50,primary,Ang Mo Kio Avenue 6,103.8442738,1.38142847,37.86977064,0.029495234,0.020236816
406,943,50,secondary,Ang Mo Kio Avenue 10,103.8567858,1.36899694,37.83213933,0.188809826,0.205298462
407,1482,50,residential,Mayflower Avenue,103.8396688,1.37156108,37.83051716,0.621476959,0.335864868
408,846,50,primary,Ang Mo Kio Avenue 8,103.8486332,1.37090916,37.82644168,0.447430906,0.350144043
409,1313,50,secondary,Ang Mo Kio Avenue 10,103.8567599,1.36735829,37.81647638,0.41442096,0.335717773
410,643,50,primary,Ang Mo Kio Avenue 6,103.8455548,1.37050368,37.81179223,0.06748571,0.017391968
411,163,50,primary,Ang Mo Kio Avenue 6,103.8445402,1.37897117,37.79968086,0.033344235,0.028382568
412,183,200,primary,Ang Mo Kio Avenue 6,103.8441989,1.38226485,37.78682273,0.051815607,0.018074341
413,2397,50,residential,Ang Mo Kio Street 21,103.8347628,1.36794034,37.78592959,0.421192286,0.363158569
414,1051,50,primary,Ang Mo Kio Avenue 5,103.8439126,1.37731419,37.78246758,0.158383789,0.058422852
415,2262,50,residential,Ang Mo Kio Central 2,103.8476561,1.37307428,37.77368615,0.359707667,0.34555603
416,2024,200,residential,Mayflower Place,103.8405449,1.37301999,37.75586348,0.272337746,0.315557861
417,215,50,residential,Ang Mo Kio Street 53,103.8508432,1.37433748,37.74787257,0.387184688,0.374384766
418,2241,50,primary,Ang Mo Kio Avenue 8,103.848195,1.37347547,37.74221802,0.356217325,0.420508423
419,1864,150,primary,Ang Mo Kio Avenue 5,103.84336,1.37736979,37.73678618,0.144923733,0.111997681
420,2471,50,primary,Ang Mo Kio Avenue 6,103.8456319,1.37040803,37.73035226,0.062579342,0.028448486
421,2315,50,secondary,Ang Mo Kio Avenue 10,103.8568501,1.36959153,37.72157963,0.339629265,0.335394287
422,1482,150,residential,Mayflower Avenue,103.8400399,1.37073874,37.69605012,0.609735302,0.628205566
423,162,100,residential,Ang Mo Kio Street 43,103.8554621,1.3673405,37.67800346,0.53882744,0.562599487
424,862,50,residential,Mayflower Road,103.8410503,1.37128586,37.67265129,0.405081579,0.41557312
425,1482,100,residential,Mayflower Avenue,103.8398558,1.37115123,37.64095661,0.574318392,0.51194458
426,744,50,primary,Ang Mo Kio Avenue 6,103.8455849,1.36959798,37.61749444,0.027145259,0.042201538
427,2324,50,primary,Ang Mo Kio Avenue 8,103.8450916,1.38088435,37.60338084,0.049789356,0.039794312
428,2274,50,primary,Ang Mo Kio Avenue 8,103.8480047,1.37387861,37.59613661,0.370429271,0.214060059
429,2081,50,primary,Ang Mo Kio Avenue 6,103.8452922,1.36868894,37.58495301,0.023852533,0.031017456
430,2691,50,primary, ,103.844825,1.37695548,37.58303187,0.016240406,0.041175537
431,1559,50,residential,Ang Mo Kio Street 52,103.8540176,1.37237963,37.58260658,0.367418091,0.395314331
432,909,100,primary,Ang Mo Kio Avenue 5,103.8559184,1.37592047,37.53707041,0.129696262,0.148705444
433,2482,150,primary,Ang Mo Kio Avenue 8,103.8481266,1.3739815,37.53207652,0.371770528,0.381462402
434,1911,50,primary,Ang Mo Kio Avenue 6,103.8451621,1.37742855,37.52796877,0.055732568,0.032044678
435,1507,150,residential,Mayflower Rise,103.8392074,1.37188794,37.49084091,0.432481504,0.485484009
436,2050,200,primary,Ang Mo Kio Avenue 5,103.8528806,1.37597146,37.48099342,0.332182681,0.258475952
437,2296,50,residential,Ang Mo Kio Central 2,103.8478922,1.37314257,37.47582216,0.255005955,0.260834961
438,882,50,residential,Ang Mo Kio Street 53,103.8508003,1.37363908,37.45604186,0.416549521,0.420467529
439,164,150,residential,Serenade Walk,103.8345362,1.37977352,37.41183526,0.475410302,0.452659912
440,183,150,primary,Ang Mo Kio Avenue 6,103.8441661,1.38271518,37.4109393,0.087844662,0.257666016
441,1171,50,primary,Ang Mo Kio Avenue 5,103.8442508,1.37738683,37.38352127,0.054515486,0.03145874
442,1432,50,residential,Ang Mo Kio Street 22,103.8410157,1.36718952,37.373212,0.397729995,0.436358032
443,1890,50,residential,Ang Mo Kio Street 22,103.8408459,1.36718321,37.36953735,0.387510677,0.460341187
444,2044,50,residential,Ang Mo Kio Street 53,103.8507373,1.37351651,37.36699949,0.347988508,0.368566284
445,281,100,primary,Ang Mo Kio Avenue 6,103.8448449,1.37624148,37.34731469,0.016503856,0.045620117
446,196,100,primary,Ang Mo Kio Avenue 8,103.84885,1.37072497,37.33965037,0.277085242,0.329047241
447,1726,150,primary,Ang Mo Kio Avenue 6,103.845132,1.37324971,37.33319161,0.108311291,0.136132202
448,446,100,primary,Ang Mo Kio Avenue 8,103.8496397,1.36929674,37.33229863,0.088004276,0.088924561
449,2225,50,primary,Ang Mo Kio Avenue 3,103.847789,1.36874547,37.2945415,0.443418621,0.405940552
450,2421,50,residential,Ang Mo Kio Central 1,103.8459089,1.37011429,37.29333814,0.22778191,0.038208008
451,2227,50,primary,Ang Mo Kio Avenue 3,103.8410383,1.3695884,37.28253555,0.343345931,0.328659668
452,658,50,secondary,Ang Mo Kio Avenue 10,103.8567844,1.36980767,37.27443343,0.357379275,0.340311279
453,1191,50,primary,Ang Mo Kio Avenue 6,103.8452452,1.37354973,37.22344277,0.072597239,0.147131958
454,1614,50,primary,Ang Mo Kio Avenue 3,103.8408122,1.36967878,37.21299509,0.251761683,0.375535889
455,2048,50,primary,Ang Mo Kio Avenue 6,103.8445681,1.3783125,37.19952488,0.050236577,0.017600098
456,1903,50,primary,Ang Mo Kio Avenue 6,103.8449345,1.37614793,37.19391251,0.023084665,0.056138916
457,408,50,primary,Ang Mo Kio Avenue 8,103.8448314,1.38090771,37.19273594,0.019626693,0.026056519
458,414,50,primary,Ang Mo Kio Avenue 5,103.8456932,1.37725287,37.18561967,0.096776086,0.074991455
459,1051,150,primary,Ang Mo Kio Avenue 5,103.8430172,1.37723846,37.17474397,0.231331659,0.24838501
460,1022,50,secondary,Ang Mo Kio Avenue 9,103.840475,1.38339484,37.14689936,0.286415991,0.384354248
461,444,100,primary,Ang Mo Kio Avenue 3,103.8557869,1.36940387,37.0832582,0.274888353,0.267606812
462,1745,50,primary,Ang Mo Kio Avenue 8,103.8463015,1.38008501,37.06627623,0.261777548,0.332017212
463,2201,50,residential,Yio Chu Kang Gardens,103.8380176,1.38128528,37.05056858,0.234502014,0.096200562
464,31,50,primary,Ang Mo Kio Avenue 3,103.8499685,1.36900686,37.04328038,0.049834771,0.034955444
465,1022,100,secondary,Ang Mo Kio Avenue 9,103.8408749,1.38360095,37.03338095,0.362190409,0.31019104
466,2403,50,residential,Ang Mo Kio Street 22,103.8439416,1.36875639,37.02091535,0.231157965,0.270211182
467,410,150,primary,Ang Mo Kio Avenue 5,103.8460029,1.37707581,37.01644428,0.197327456,0.165010986
468,2457,100,primary,Ang Mo Kio Avenue 6,103.8444372,1.37859187,37.01527578,0.094451442,0.011014404
469,931,50,primary,Ang Mo Kio Avenue 6,103.8450643,1.36789617,37.00927244,0.059003554,0.047493896
470,2074,50,primary,Ang Mo Kio Avenue 6,103.845265,1.36843891,37.00016931,0.024291048,0.029512939
471,518,50,primary,Ang Mo Kio Avenue 5,103.852763,1.37610294,36.9990545,0.270517685,0.261832275
472,1422,50,residential,Ang Mo Kio Street 22,103.8438165,1.3683342,36.99033121,0.346051813,0.304281616
473,2310,50,secondary,Ang Mo Kio Avenue 4,103.8369715,1.37254719,36.97414239,0.646684433,0.680300293
474,555,50,primary,Ang Mo Kio Avenue 5,103.8532722,1.37604694,36.97239463,0.136533436,0.185384521
475,1023,50,primary,Ang Mo Kio Avenue 3,103.8413543,1.3696233,36.96937004,0.558588019,0.557133179
476,972,50,primary,Ang Mo Kio Avenue 3,103.8555502,1.36937676,36.94805804,0.195960606,0.30689209
477,1764,50,secondary,Ang Mo Kio Avenue 4,103.8374154,1.37386512,36.9465021,0.192391431,0.218555298
478,1680,50,primary,Ang Mo Kio Avenue 8,103.8457008,1.38060026,36.94240325,0.217113425,0.182724609
479,414,100,primary,Ang Mo Kio Avenue 5,103.8461261,1.37713357,36.94172322,0.233202545,0.15795166
480,2683,150,primary,Ang Mo Kio Avenue 8,103.8462715,1.37994934,36.9238205,0.342839837,0.304998169
481,1286,150,secondary,Ang Mo Kio Avenue 9,103.8408928,1.38353404,36.89427312,0.297367986,0.310098877
482,1071,100,residential,Ang Mo Kio Central 1,103.8470688,1.37004982,36.88103133,0.15790646,0.133566284
483,20,50,primary,Ang Mo Kio Avenue 3,103.8502018,1.36917273,36.87954903,0.053788342,0.115791016
484,2683,100,primary,Ang Mo Kio Avenue 8,103.8465657,1.37960759,36.87938254,0.373266212,0.324706421
485,1606,100,residential,Ang Mo Kio Street 43,103.8551506,1.36858239,36.87492021,0.332081071,0.362753906
486,1606,50,residential,Ang Mo Kio Street 43,103.8552937,1.36901083,36.87279745,0.469796032,0.576207275
487,131,50,primary,Ang Mo Kio Avenue 3,103.8438674,1.36934749,36.86376817,0.405392738,0.416663818
488,2218,200,primary,Ang Mo Kio Avenue 8,103.8507771,1.36735109,36.84344183,0.437068457,0.531248779
489,1745,100,primary,Ang Mo Kio Avenue 8,103.8466059,1.37975247,36.83786329,0.30316058,0.321893921
490,1864,100,primary,Ang Mo Kio Avenue 5,103.8429109,1.37735653,36.82964706,0.403087476,0.39906311
491,2457,50,primary,Ang Mo Kio Avenue 6,103.8445225,1.37814983,36.82897464,0.08045539,0.018039551
492,1071,50,residential,Ang Mo Kio Central 1,103.8470765,1.36960854,36.82861233,0.392121478,0.311554565
493,1326,50,primary, ,103.844896,1.37755001,36.81470299,0.025846015,0.0315802
494,545,50,residential,Mayflower Avenue,103.8404152,1.36995768,36.8058457,0.447567412,0.322609863
495,2218,50,primary,Ang Mo Kio Avenue 8,103.8500967,1.36852212,36.7980825,0.099456922,0.212206421
496,427,50,residential,Yio Chu Kang Gardens,103.8383068,1.38164416,36.78768539,0.200936172,0.121213989
497,854,50,residential,Ang Mo Kio Street 12,103.8427934,1.37023573,36.78233924,0.536714778,0.348921509
498,1480,50,primary,Ang Mo Kio Avenue 3,103.8467961,1.36886257,36.78003529,0.204497622,0.266829224
499,229,50,residential,Ang Mo Kio Street 42,103.8526903,1.3674699,36.74128078,0.390730397,0.314078979
500,2050,150,primary,Ang Mo Kio Avenue 5,103.8533275,1.37592411,36.70834287,0.18149814,0.21616394
501,1137,50,residential,Ang Mo Kio Street 43,103.8552837,1.36938674,36.70075538,0.378200707,0.254507446
502,1245,50,residential,Ang Mo Kio Street 22,103.8436704,1.36796233,36.69854137,0.45846689,0.326731567
503,1210,50,residential,Ang Mo Kio Street 43,103.8549604,1.367669,36.68610793,0.506899701,0.396213989
504,210,50,primary,Ang Mo Kio Avenue 3,103.847251,1.36892292,36.6841229,0.315601265,0.367461548
505,999,50,residential,Mayflower Road,103.8410395,1.3706283,36.66654205,0.327409744,0.282844238
506,955,50,primary,Ang Mo Kio Avenue 3,103.843469,1.36926876,36.66443135,0.332554987,0.265029297
507,882,100,residential,Ang Mo Kio Street 53,103.8507725,1.37318776,36.65147608,0.376384941,0.276929321
508,2163,50,primary,Ang Mo Kio Avenue 8,103.8506034,1.3674289,36.62951279,0.538065779,0.503167114
509,1685,50,primary,Ang Mo Kio Avenue 6,103.8450645,1.37371288,36.62433832,0.063387127,0.117014771
510,1286,100,secondary,Ang Mo Kio Avenue 9,103.8413164,1.38368261,36.61194699,0.16574643,0.277766113
511,709,150,primary,Ang Mo Kio Avenue 6,103.8445247,1.37970142,36.60516886,0.055860534,0.043314209
512,189,50,secondary,Ang Mo Kio Avenue 4,103.8378214,1.37456694,36.5980399,0.491141937,0.509881592
513,912,50,residential,Ang Mo Kio Street 22,103.843574,1.3679238,36.58590644,0.410475925,0.41901123
514,969,50,residential,Ang Mo Kio Street 42,103.8528124,1.36734934,36.58531101,0.36479963,0.29178833
515,2119,50,primary,Ang Mo Kio Avenue 3,103.8427827,1.36935789,36.58042409,0.376825243,0.323587036
516,200,50,residential,Ang Mo Kio Street 43,103.8548229,1.3677935,36.56896591,0.408807766,0.343842773
517,2272,50,residential,Ang Mo Kio Street 43,103.8551758,1.36888776,36.56305631,0.499808811,0.53239502
518,867,50,residential,Ang Mo Kio Street 51,103.8544416,1.37223197,36.56276294,0.408281449,0.421342773
519,2299,50,residential,Ang Mo Kio Street 23,103.8407167,1.3687005,36.56025843,0.344953075,0.318076172
520,402,50,primary,Ang Mo Kio Avenue 3,103.8403786,1.3696685,36.53603268,0.489324868,0.501757202
521,1643,50,secondary,Ang Mo Kio Avenue 4,103.8373985,1.37405645,36.52898952,0.233837016,0.213699341
522,489,100,primary,Ang Mo Kio Avenue 3,103.8397799,1.36981064,36.50107897,0.339440841,0.443629761
523,1047,50,tertiary,Ang Mo Kio Avenue 9,103.8465838,1.38429638,36.4832661,0.349749201,0.320475464
524,334,50,primary,Ang Mo Kio Avenue 3,103.8422881,1.3694301,36.48110907,0.54388399,0.473589478
525,1742,50,residential,Ang Mo Kio Street 61,103.8400894,1.38304898,36.46280479,0.262254426,0.301900635
526,1826,100,tertiary,Ang Mo Kio Street 11,103.8375342,1.37116448,36.45942307,0.500843011,0.440384521
527,334,100,primary,Ang Mo Kio Avenue 3,103.8418424,1.36948737,36.44935226,0.290348715,0.457420044
528,2218,150,primary,Ang Mo Kio Avenue 8,103.8505503,1.36774146,36.44750126,0.294794858,0.34100708
529,2419,50,residential,Ang Mo Kio Street 22,103.8403734,1.36741999,36.44241509,0.283353988,0.21734375
530,207,50,primary,Ang Mo Kio Avenue 6,103.8444298,1.37969175,36.42729982,0.025847794,0.034144287
531,859,50,residential,Thomson Close,103.8346537,1.37770775,36.38306163,0.236975132,0.402993164
532,308,50,primary,Ang Mo Kio Avenue 3,103.8431889,1.36940495,36.36824036,0.425577654,0.422184448
533,715,50,primary,Ang Mo Kio Avenue 6,103.8438114,1.38419451,36.36060429,0.037726274,0.063835449
534,133,50,primary,Ang Mo Kio Avenue 3,103.8421373,1.36952913,36.35124842,0.424305697,0.431389771
535,444,50,primary,Ang Mo Kio Avenue 3,103.8553521,1.36951745,36.35030365,0.336368927,0.333374023
536,2163,100,primary,Ang Mo Kio Avenue 8,103.8503775,1.3678197,36.34433013,0.535744483,0.464483032
537,402,100,primary,Ang Mo Kio Avenue 3,103.8399327,1.3697234,36.34276023,0.287205214,0.360819702
538,1213,50,residential,Ang Mo Kio Street 44,103.8570462,1.36778252,36.30363985,0.327957004,0.315708618
539,2169,50,residential,Ang Mo Kio Street 22,103.8399517,1.36749105,36.29499644,0.32854217,0.495890503
540,1383,50,secondary,Ang Mo Kio Avenue 4,103.8368137,1.37231674,36.2852459,0.614356063,0.556425781
541,1399,50,primary,Ang Mo Kio Avenue 5,103.8585667,1.37664275,36.26294218,0.058537774,0.075938721
542,410,50,primary,Ang Mo Kio Avenue 5,103.846875,1.37686221,36.26028887,0.496008031,0.413873901
543,1515,50,secondary,Ang Mo Kio Avenue 4,103.838184,1.37484856,36.24414708,0.577622109,0.591740112
544,2096,50,residential,Ang Mo Kio Street 52,103.8511777,1.37297948,36.21202733,0.514397662,0.474111938
545,1826,50,tertiary,Ang Mo Kio Street 11,103.837089,1.37110354,36.21202469,0.357974827,0.126828613
546,204,50,residential,Ang Mo Kio Street 61,103.8416996,1.37996269,36.19100629,0.34624327,0.448353271
547,407,50,residential,Yio Chu Kang Gardens,103.8386475,1.38120665,36.18172564,0.344995457,0.344263306
548,2545,50,tertiary,Ang Mo Kio Avenue 9,103.8442932,1.38415526,36.18128913,0.177350805,0.091035156
549,2482,100,primary,Ang Mo Kio Avenue 8,103.8480671,1.3744297,36.17759646,0.372891946,0.414041138
550,1944,100,primary,Ang Mo Kio Avenue 6,103.8441718,1.38095297,36.16225756,0.034679162,0.025726929
551,1386,50,residential,Ang Mo Kio Street 61,103.8404727,1.38242771,36.13881478,0.503960534,0.406741943
552,1838,150,residential,Ang Mo Kio Street 12,103.8430073,1.37183596,36.12960261,0.367610582,0.430975952
553,173,150,primary,Ang Mo Kio Avenue 3,103.853945,1.36976691,36.12752592,0.166528661,0.226758423
554,1869,100,primary,Ang Mo Kio Avenue 5,103.8511266,1.37612993,36.12659366,0.215373092,0.240162354
555,1869,50,primary,Ang Mo Kio Avenue 5,103.8515734,1.37608302,36.11366918,0.306288284,0.34869873
556,410,100,primary,Ang Mo Kio Avenue 5,103.8464393,1.37697261,36.09664699,0.423926607,0.293538818
557,173,50,primary,Ang Mo Kio Avenue 3,103.8548194,1.36957301,36.09012188,0.520087852,0.45196106
558,596,50,secondary,Ang Mo Kio Avenue 4,103.8368006,1.37206804,36.08927976,0.700555022,0.577489014
559,173,100,primary,Ang Mo Kio Avenue 3,103.8543851,1.36968887,36.08636651,0.450009974,0.496052856
560,1335,50,primary,Ang Mo Kio Avenue 3,103.8506462,1.36930925,36.08312988,0.024994423,0.0321698
561,2140,50,primary,Ang Mo Kio Avenue 8,103.8479445,1.37435537,36.08054256,0.396481469,0.372137451
562,966,50,primary,Ang Mo Kio Avenue 3,103.8541039,1.36987383,36.07507089,0.205742396,0.243409424
563,254,50,tertiary,Ang Mo Kio Street 11,103.8371545,1.37103916,36.06093715,0.361663355,0.408014526
564,1956,50,primary,Ang Mo Kio Avenue 5,103.8424646,1.37717877,36.05702532,0.464697852,0.411724243
565,489,50,primary,Ang Mo Kio Avenue 3,103.839333,1.36985793,36.05011437,0.307372539,0.349135742
566,2633,50,primary,Ang Mo Kio Avenue 3,103.854592,1.36974134,36.0495333,0.515278158,0.461149292
567,2218,100,primary,Ang Mo Kio Avenue 8,103.8503236,1.36813182,36.04943674,0.272882642,0.373132324
568,2359,50,primary,Ang Mo Kio Avenue 6,103.8435218,1.38450193,36.04582625,0.127463853,0.075675049
569,2078,100,residential,Ang Mo Kio Street 52,103.8548282,1.37216307,36.04386202,0.56487001,0.551270752
570,1498,50,tertiary,Ang Mo Kio Street 11,103.8383919,1.37126257,36.01724379,0.590942606,0.482697144
571,1864,50,primary,Ang Mo Kio Avenue 5,103.8424645,1.37730591,36.00528682,0.426960877,0.340744019
572,933,50,residential,Ang Mo Kio Street 61,103.8419669,1.37958139,35.99975831,0.467824617,0.48961731
573,2144,50,residential,Ang Mo Kio Street 61,103.844274,1.37978527,35.98883644,0.075594897,0.039259033
574,76,100,residential,Ang Mo Kio Street 22,103.8399298,1.3675665,35.98647572,0.355602294,0.438104858
575,2488,50,primary,Ang Mo Kio Avenue 3,103.8573003,1.3690914,35.97707983,0.434407288,0.36991394
576,2387,50,residential,Ang Mo Kio Street 23,103.8405541,1.36783594,35.97696833,0.341075964,0.321292725
577,1498,100,tertiary,Ang Mo Kio Street 11,103.8387894,1.37114439,35.97400284,0.586915592,0.498834839
578,2567,50,primary,Ang Mo Kio Avenue 3,103.8585775,1.36933491,35.97296842,0.159560746,0.085703735
579,183,100,primary,Ang Mo Kio Avenue 6,103.8441324,1.38316582,35.94945526,0.082956394,0.0625
580,1487,50,secondary,Ang Mo Kio Avenue 4,103.8365611,1.37149035,35.94840534,0.355737652,0.404003296
581,1009,50,tertiary,Ang Mo Kio Street 11,103.8386348,1.3712067,35.9181542,0.585070264,0.46124939
582,456,50,secondary,Ang Mo Kio Avenue 4,103.8366431,1.37104913,35.91126603,0.197347801,0.116497192
583,1286,50,secondary,Ang Mo Kio Avenue 9,103.8417588,1.38375918,35.91091047,0.303867117,0.290274658
584,709,50,primary,Ang Mo Kio Avenue 6,103.8443922,1.38059475,35.90920522,0.028902276,0.034129639
585,1922,50,primary,Ang Mo Kio Avenue 5,103.8500996,1.37624554,35.9015946,0.258644551,0.293851318
586,1838,100,residential,Ang Mo Kio Street 12,103.8433981,1.37193445,35.8863866,0.561560194,0.375574951
587,1745,150,primary,Ang Mo Kio Avenue 8,103.8468831,1.37939693,35.87838276,0.266397107,0.362218628
588,2683,50,primary,Ang Mo Kio Avenue 8,103.846852,1.37925922,35.87057304,0.425911229,0.366087036
589,531,50,secondary,Ang Mo Kio Avenue 4,103.8388717,1.38187602,35.86582536,0.705178087,0.676802979
590,857,50,secondary,Ang Mo Kio Avenue 4,103.8398865,1.37972913,35.85719505,0.522602806,0.54444397
591,1626,50,secondary,Ang Mo Kio Avenue 4,103.8367092,1.37051595,35.85360963,0.141637085,0.187340698
592,773,50,residential,Ang Mo Kio Street 42,103.8525009,1.3681872,35.85162471,0.352997544,0.36687561
593,254,100,tertiary,Ang Mo Kio Street 11,103.8367105,1.37097013,35.8168305,0.209673737,0.145856934
594,1164,50,residential,Ang Mo Kio Street 52,103.8524429,1.37274351,35.79893412,0.453850711,0.4187854
595,2347,50,residential,Ang Mo Kio Street 42,103.8525711,1.36825734,35.77457591,0.421566927,0.366867676
596,2244,50,primary,Ang Mo Kio Avenue 5,103.8478387,1.37663668,35.77300644,0.125064447,0.194433594
597,1922,100,primary,Ang Mo Kio Avenue 5,103.8496534,1.3762984,35.77036902,0.530224339,0.406208496
598,2482,50,primary,Ang Mo Kio Avenue 8,103.8480075,1.37487788,35.76787359,0.327527052,0.277163696
599,946,50,secondary,Ang Mo Kio Avenue 4,103.8397636,1.37993603,35.75964841,0.584736721,0.520477905
600,435,50,residential,Ang Mo Kio Street 31,103.8451627,1.36714028,35.75936439,0.145506652,0.115681152
601,1061,200,primary,Ang Mo Kio Avenue 5,103.84977,1.37639589,35.72486731,0.415597418,0.428665771
602,1838,50,residential,Ang Mo Kio Street 12,103.8438444,1.37188233,35.68962009,0.575788613,0.445372314
603,1447,50,residential,Ang Mo Kio Street 22,103.843343,1.36757156,35.68949058,0.391920949,0.340601807
604,1944,50,primary,Ang Mo Kio Avenue 6,103.8442833,1.38051541,35.67468262,0.035326658,0.025026855
605,2426,50,residential,Ang Mo Kio Street 21,103.8347298,1.36851456,35.67319048,0.383363891,0.321361084
606,235,50,primary,Ang Mo Kio Avenue 5,103.8521296,1.37602804,35.6708196,0.40653388,0.36253418
607,2095,100,residential,Yio Chu Kang Gardens,103.837878,1.3818836,35.64900832,0.208124946,0.229962769
608,1739,50,residential,Ang Mo Kio Street 42,103.8523861,1.3686448,35.64400864,0.575184804,0.392719116
609,2472,50,tertiary,Ang Mo Kio Street 11,103.8361968,1.37099925,35.63134384,0.359390629,0.266624146
610,2208,50,residential, ,103.838339,1.38086936,35.61815453,0.237009615,0.343792114
611,1178,50,tertiary,Ang Mo Kio Street 11,103.8388919,1.36995191,35.61317297,0.34647752,0.3440448
612,709,100,primary,Ang Mo Kio Avenue 6,103.8444783,1.38015118,35.60773595,0.048483447,0.042641602
613,414,150,primary,Ang Mo Kio Avenue 5,103.8465679,1.37705158,35.59935726,0.413930048,0.297086792
614,183,50,primary,Ang Mo Kio Avenue 6,103.8440284,1.3836051,35.59127126,0.071199825,0.065789795
615,2095,50,residential,Yio Chu Kang Gardens,103.8375234,1.38160594,35.58568682,0.210172706,0.115661011
616,158,50,primary,Ang Mo Kio Avenue 3,103.8388174,1.3699063,35.56387006,0.298263671,0.344033203
617,2570,100,secondary,Ang Mo Kio Avenue 10,103.8549098,1.37439724,35.55572637,0.282337872,0.320650024
618,1708,50,residential, ,103.8367969,1.38456118,35.54326864,0.358647641,0.494595337
619,534,100,primary,Ang Mo Kio Avenue 3,103.853185,1.36992018,35.53944333,0.025500644,0.125499878
620,2532,100,primary,Ang Mo Kio Avenue 3,103.8365877,1.36872395,35.52525652,0.278709743,0.305144653
621,505,50,secondary,Ang Mo Kio Avenue 10,103.8566285,1.37168573,35.52385521,0.358196041,0.277476807
622,173,200,primary,Ang Mo Kio Avenue 3,103.8534959,1.36977925,35.51021459,0.136383035,0.151934814
623,1485,50,primary,Ang Mo Kio Avenue 3,103.8364244,1.36858771,35.50811849,0.382411162,0.334746094
624,2169,100,residential,Ang Mo Kio Street 22,103.8395249,1.36763229,35.5057185,0.281814528,0.346384277
625,434,100,secondary,Ang Mo Kio Avenue 10,103.8566465,1.37139164,35.49026626,0.3894101,0.372456665
626,1700,50,primary,Ang Mo Kio Avenue 3,103.836768,1.36901177,35.48654747,0.441946519,0.462029419
627,632,100,primary,Ang Mo Kio Avenue 3,103.8523538,1.36963178,35.48102433,0.030893006,0.192490234
628,534,150,primary,Ang Mo Kio Avenue 3,103.8536335,1.36991915,35.4796861,0.146870293,0.203077393
629,2532,150,primary,Ang Mo Kio Avenue 3,103.8363515,1.36834034,35.46474515,0.32026001,0.311165161
630,482,50,tertiary,Ang Mo Kio Street 11,103.8361193,1.37092229,35.46092502,0.386731589,0.282863159
631,1242,50,secondary,Ang Mo Kio Avenue 4,103.8389737,1.38188536,35.459453,0.69751044,0.62835022
632,1468,150,primary,Ang Mo Kio Avenue 3,103.8508291,1.36923209,35.44459561,0.016933461,0.322998657
633,652,50,secondary,Ang Mo Kio Avenue 10,103.854902,1.37455067,35.44197241,0.291859673,0.367532349
634,1529,50,primary,Ang Mo Kio Avenue 3,103.8361283,1.36797249,35.43473728,0.366376108,0.394629517
635,1168,50,primary,Ang Mo Kio Avenue 8,103.847832,1.37523245,35.41757861,0.341695771,0.359313354
636,2570,150,secondary,Ang Mo Kio Avenue 10,103.8547253,1.37480828,35.39571495,0.296865107,0.207887573
637,1108,50,residential,Ang Mo Kio Central 3,103.8476627,1.37525486,35.35084603,0.303863504,0.34453186
638,43,50,primary,Ang Mo Kio Avenue 3,103.8383815,1.36979219,35.3479236,0.362660545,0.363209229
639,2532,50,primary,Ang Mo Kio Avenue 3,103.8368934,1.36905494,35.34719731,0.471409823,0.427000732
640,534,50,primary,Ang Mo Kio Avenue 3,103.8527418,1.36984559,35.34390779,0.039959283,0.084511108
641,1893,50,primary,Ang Mo Kio Avenue 8,103.847847,1.37619668,35.34080151,0.310968089,0.249994507
642,632,50,primary,Ang Mo Kio Avenue 3,103.8527923,1.36973028,35.34054419,0.032607888,0.0444104
643,964,50,residential,Ang Mo Kio Street 44,103.857284,1.36783188,35.32590267,0.358684809,0.256141968
644,2705,50,tertiary,Ang Mo Kio Avenue 9,103.8468002,1.38419002,35.32586016,0.284839957,0.254403076
645,1376,100,residential,Yio Chu Kang Gardens,103.8382781,1.38065227,35.3253168,0.398046938,0.3921875
646,1862,50,primary,Ang Mo Kio Avenue 3,103.8371915,1.36935371,35.31450299,0.221078264,0.175068359
647,598,50,primary,Ang Mo Kio Avenue 5,103.8514093,1.37623007,35.30687575,0.320835991,0.353729858
648,1530,50,residential,Ang Mo Kio Street 54,103.8570695,1.37329842,35.30563545,0.531576329,0.35140686
649,1795,50,residential,Thomson Close,103.8347593,1.37766655,35.29692494,0.279035205,0.431543579
650,2532,200,primary,Ang Mo Kio Avenue 3,103.8361723,1.3679275,35.28913322,0.380593661,0.340862427
651,2208,100,residential, ,103.8379853,1.38059046,35.28843454,0.308714875,0.346798096
652,15,50,residential,Ang Mo Kio Street 54,103.8564161,1.37274452,35.27029566,0.528561241,0.475460205
653,1933,50,secondary,Ang Mo Kio Avenue 4,103.8384496,1.37513891,35.26193237,0.525466309,0.523164673
654,2201,100,residential,Yio Chu Kang Gardens,103.8376637,1.38100673,35.25679479,0.42136237,0.292434692
655,985,50,residential,Ang Mo Kio Street 52,103.8531867,1.37259635,35.25268936,0.536475322,0.456002808
656,1299,50,secondary,Ang Mo Kio Avenue 4,103.8369789,1.3697546,35.24538907,0.660751543,0.541762695
657,1302,50,secondary,Ang Mo Kio Avenue 10,103.8567944,1.37109659,35.24500344,0.293531728,0.319906006
658,819,50,residential,Ang Mo Kio Street 22,103.8430693,1.36736557,35.24316243,0.421135497,0.456193237
659,1061,150,primary,Ang Mo Kio Avenue 5,103.8493258,1.37646365,35.23601859,0.520068697,0.422733154
660,1451,50,residential,Ang Mo Kio Street 54,103.8585151,1.37102568,35.23308915,0.499412452,0.365462036
661,71,50,tertiary,Ang Mo Kio Street 63,103.8479858,1.38417361,35.22752351,0.376931838,0.349845581
662,1666,50,primary,Ang Mo Kio Avenue 8,103.8479025,1.37571514,35.2252699,0.469656096,0.519393921
663,76,50,residential,Ang Mo Kio Street 22,103.839503,1.36770754,35.20694383,0.315169281,0.438182373
664,1626,100,secondary,Ang Mo Kio Avenue 4,103.8368628,1.37009253,35.20491464,0.621234907,0.479920044
665,2488,100,primary,Ang Mo Kio Avenue 3,103.8577487,1.36906376,35.19212459,0.477291103,0.386935425
666,1922,150,primary,Ang Mo Kio Avenue 5,103.8492083,1.37635929,35.17960857,0.503306845,0.419838257
667,1076,200,secondary,Ang Mo Kio Avenue 4,103.8389471,1.3753928,35.17787288,0.650521769,0.584321899
668,241,50,secondary,Ang Mo Kio Avenue 10,103.855198,1.374085,35.16785876,0.438278767,0.284221191
669,419,50,secondary,Ang Mo Kio Avenue 9,103.8396849,1.3828592,35.12796497,0.364638687,0.326268921
670,1618,50,primary,Ang Mo Kio Avenue 3,103.858286,1.36898003,35.12781688,0.186955316,0.203502808
671,1376,50,residential,Yio Chu Kang Gardens,103.8386313,1.38093178,35.12770144,0.425196471,0.470635986
672,2150,50,primary,Ang Mo Kio Avenue 5,103.8554952,1.37576214,35.11465924,0.442028534,0.331140137
673,449,50,residential,Ang Mo Kio Street 61,103.8439792,1.37968925,35.11449139,0.351520113,0.173820801
674,807,50,secondary,Ang Mo Kio Avenue 4,103.8371771,1.36953356,35.10782369,0.27073305,0.199806519
675,888,50,tertiary,Ang Mo Kio Street 11,103.8356066,1.37095827,35.10722542,0.380747323,0.292185059
676,2570,50,secondary,Ang Mo Kio Avenue 10,103.8551602,1.37402184,35.08891078,0.419321125,0.341047363
677,434,50,secondary,Ang Mo Kio Avenue 10,103.8567375,1.37094912,35.07685588,0.273683208,0.29814209
678,1745,200,primary,Ang Mo Kio Avenue 8,103.8471258,1.37901658,35.06369677,0.23579883,0.342924194
679,1302,100,secondary,Ang Mo Kio Avenue 10,103.8568512,1.37064833,35.04281147,0.332539189,0.326859131
680,2513,50,primary,Ang Mo Kio Avenue 6,103.8439134,1.3828008,35.04178033,0.074284986,0.028326416
681,1062,100,secondary,Ang Mo Kio Avenue 4,103.8396862,1.38055513,35.04106972,0.621641243,0.598311157
682,909,50,primary,Ang Mo Kio Avenue 5,103.855471,1.37588125,35.02813339,0.471938827,0.285410767
683,335,50,secondary,Ang Mo Kio Avenue 10,103.8563692,1.37217049,35.02117509,0.516313878,0.417699585
684,1028,50,secondary,Ang Mo Kio Avenue 4,103.8388809,1.37543206,35.01538988,0.646675218,0.584265747
685,1469,100,secondary,Ang Mo Kio Avenue 9,103.84356,1.38406973,35.00630951,0.068463193,0.041671143
686,2138,50,primary,Ang Mo Kio Avenue 3,103.8374267,1.36943297,35.00545365,0.252377408,0.190645142
687,109,50,residential,Ang Mo Kio Street 44,103.8575161,1.36776086,34.95962316,0.380333344,0.325884399
688,1061,100,primary,Ang Mo Kio Avenue 5,103.848886,1.37655577,34.95212092,0.492992418,0.443491211
689,1956,100,primary,Ang Mo Kio Avenue 5,103.8420182,1.37712774,34.92753879,0.459438039,0.333713379
690,330,100,secondary,Ang Mo Kio Avenue 9,103.8428195,1.3838937,34.91227896,0.157586264,0.112778931
691,1588,50,residential,Ang Mo Kio Street 54,103.8580571,1.3703075,34.90932142,0.519228823,0.438026123
692,241,100,secondary,Ang Mo Kio Avenue 10,103.8554511,1.37371142,34.89832167,0.279039727,0.235735474
693,1645,50,residential,Ang Mo Kio Street 24,103.8434344,1.36744992,34.89556558,0.382956034,0.270812988
694,1061,50,primary,Ang Mo Kio Avenue 5,103.8484471,1.37665227,34.89439174,0.529268271,0.421969604
695,2545,100,tertiary,Ang Mo Kio Avenue 9,103.8447381,1.38421786,34.88996315,0.239715987,0.091035156
696,1076,150,secondary,Ang Mo Kio Avenue 4,103.8392381,1.37573338,34.88229307,0.694522957,0.582559814
697,1922,200,primary,Ang Mo Kio Avenue 5,103.8487668,1.37644318,34.88086877,0.504519669,0.423636475
698,597,50,residential,Lentor Drive,103.8372886,1.38413927,34.83609067,0.133628806,0.114579468
699,1402,50,residential,Ang Mo Kio Street 51,103.8542149,1.37136446,34.82125727,0.425999654,0.391957397
700,1335,100,primary,Ang Mo Kio Avenue 3,103.8510748,1.36944467,34.81757325,0.019329422,0.066344604
701,598,100,primary,Ang Mo Kio Avenue 5,103.851856,1.37618153,34.79917409,0.425851597,0.379909668
702,1050,100,secondary,Ang Mo Kio Avenue 10,103.8560963,1.37278556,34.79164916,0.472873557,0.458931885
703,2161,50,residential,Ang Mo Kio Street 21,103.8355412,1.36768812,34.78483582,0.459613759,0.345829468
704,1468,100,primary,Ang Mo Kio Avenue 3,103.8512642,1.3693446,34.7569228,0.027531151,0.260939331
705,278,50,residential,Ang Mo Kio Street 53,103.8492063,1.37237725,34.74900965,0.410744054,0.434436646
706,2494,100,secondary,Ang Mo Kio Avenue 4,103.8398418,1.37860263,34.73066858,0.477972395,0.589310913
707,164,50,residential,Serenade Walk,103.8349131,1.3789569,34.7028144,0.240682483,0.276277466
708,1004,50,primary,Yio Chu Kang Road,103.8365291,1.382828,34.6627992,0.55112728,0.580912476
709,946,100,secondary,Ang Mo Kio Avenue 4,103.8396354,1.38036884,34.66011483,0.68886002,0.637858276
710,1376,150,residential,Yio Chu Kang Gardens,103.8379297,1.38036679,34.64686475,0.498316712,0.443907471
711,1121,50,secondary,Ang Mo Kio Avenue 9,103.8389973,1.38243358,34.6252952,0.418512205,0.29027832
712,2541,50,secondary,Ang Mo Kio Avenue 2,103.8346731,1.3765341,34.62217236,0.199346198,0.157496948
713,2169,150,residential,Ang Mo Kio Street 22,103.8390994,1.36777733,34.59754808,0.299108704,0.348531494
714,598,150,primary,Ang Mo Kio Avenue 5,103.8523027,1.376133,34.5651741,0.451886245,0.427230225
715,1792,50,secondary,Ang Mo Kio Avenue 4,103.8392812,1.38138923,34.55802127,0.448565186,0.51399292
716,594,50,primary,Ang Mo Kio Avenue 6,103.843842,1.38344931,34.53075218,0.146261766,0.052840576
717,555,100,primary,Ang Mo Kio Avenue 5,103.8537185,1.37599498,34.52003306,0.386688976,0.398416748
718,221,50,tertiary,Ang Mo Kio Street 11,103.8352744,1.3709148,34.51870569,0.366809754,0.274414673
719,1615,50,residential,Yio Chu Kang Gardens,103.8362626,1.38115656,34.51718848,0.640729534,0.511726685
720,1005,100,primary,Ang Mo Kio Avenue 5,103.8405788,1.3771334,34.51026694,0.323599874,0.347265015
721,2078,50,residential,Ang Mo Kio Street 52,103.8552642,1.3720548,34.50747681,0.52284919,0.526265869
722,1627,50,secondary,Ang Mo Kio Avenue 2,103.8348678,1.37674558,34.46635056,0.19781204,0.241916504
723,1653,50,secondary,Ang Mo Kio Avenue 9,103.8390876,1.3825573,34.45460837,0.330716233,0.287793579
724,2532,250,primary,Ang Mo Kio Avenue 3,103.8360179,1.36750286,34.43237478,0.395280085,0.431387939
725,1005,50,primary,Ang Mo Kio Avenue 5,103.8401298,1.37712901,34.40721408,0.293624997,0.336957397
726,1528,50,primary,Yio Chu Kang Road,103.8363615,1.38284036,34.39906375,0.607506062,0.551732178
727,21,50,tertiary,Ang Mo Kio Avenue 9,103.8472044,1.3841466,34.39366739,0.338131274,0.26645752
728,582,50,primary,Ang Mo Kio Avenue 5,103.83943,1.37713142,34.39086429,0.154257747,0.183060913
729,612,50,primary,Ang Mo Kio Avenue 5,103.8398096,1.37701222,34.381453,0.247957018,0.236274414
730,1768,50,secondary,Ang Mo Kio Avenue 4,103.8397939,1.37919805,34.36196929,0.336130867,0.331900024
731,2050,100,primary,Ang Mo Kio Avenue 5,103.8537743,1.37587676,34.35832596,0.424540957,0.372571411
732,1376,250,residential,Yio Chu Kang Gardens,103.8372053,1.3799377,34.35453415,0.554406661,0.51399231
733,921,100,primary,Ang Mo Kio Avenue 3,103.8380591,1.36981105,34.34403669,0.475069869,0.457192383
734,625,50,secondary,Ang Mo Kio Avenue 4,103.8397034,1.37735989,34.32904271,0.276926466,0.095655518
735,1050,50,secondary,Ang Mo Kio Avenue 10,103.8558375,1.37315518,34.32203352,0.408407562,0.402390137
736,327,50,secondary,Ang Mo Kio Avenue 4,103.8395991,1.3775893,34.32127866,0.435799554,0.451540527
737,1015,50,secondary,Ang Mo Kio Avenue 10,103.8559353,1.37290784,34.2953434,0.491345637,0.468411255
738,1015,100,secondary,Ang Mo Kio Avenue 10,103.8556693,1.37327226,34.29043525,0.312640672,0.351151123
739,327,100,secondary,Ang Mo Kio Avenue 4,103.8396549,1.37803796,34.26349552,0.514230891,0.563114624
740,2494,50,secondary,Ang Mo Kio Avenue 4,103.8398947,1.37905166,34.24355023,0.252715074,0.276777344
741,1027,50,residential,Ang Mo Kio Street 22,103.8386818,1.36797639,34.24085793,0.409114102,0.383673706
742,921,50,primary,Ang Mo Kio Avenue 3,103.837637,1.36965602,34.22850973,0.370057078,0.422824097
743,1746,50,residential,Ang Mo Kio Street 61,103.8433917,1.37967227,34.22768838,0.485280633,0.472172241
744,1469,50,secondary,Ang Mo Kio Avenue 9,103.8431149,1.38400797,34.21344728,0.069512555,0.038916626
745,1376,350,residential,Yio Chu Kang Gardens,103.8366512,1.38064899,34.20529626,0.594128284,0.473238525
746,1004,100,primary,Yio Chu Kang Road,103.8362456,1.38247735,34.17525541,0.40626248,0.470516968
747,1526,50,residential,Ang Mo Kio Street 13,103.8344016,1.37518479,34.15520922,0.400671677,0.229158936
748,1899,50,primary,Ang Mo Kio Avenue 8,103.8474078,1.37847765,34.12351403,0.266638805,0.347263184
749,1021,50,primary,Yio Chu Kang Road,103.8368915,1.38332623,34.11998661,0.552813239,0.496481934
750,1615,100,residential,Yio Chu Kang Gardens,103.8359888,1.38151502,34.10631452,0.674478331,0.509301758
751,750,50,residential,Thomson Hill,103.8348425,1.37820037,34.03373082,0.385670533,0.296259766
752,1305,50,residential,Ang Mo Kio Street 22,103.8382378,1.3680543,34.03172366,0.452295465,0.400968628
753,360,50,secondary,Ang Mo Kio Avenue 4,103.838465,1.38264184,34.03122506,0.621059299,0.617436523
754,1076,50,secondary,Ang Mo Kio Avenue 4,103.8395549,1.37657333,34.03070773,0.464023558,0.449622192
755,216,50,primary,Ang Mo Kio Avenue 5,103.8391023,1.37702259,34.02769988,0.406628114,0.372982178
756,2150,100,primary,Ang Mo Kio Avenue 5,103.8550463,1.37575707,34.0180174,0.497596683,0.294216309
757,1376,300,residential,Yio Chu Kang Gardens,103.8369263,1.38029148,34.00593983,0.626305835,0.571017456
758,1546,50,residential,Ang Mo Kio Street 22,103.8430174,1.36720911,33.9962883,0.487206507,0.443758545
759,164,200,residential,Serenade Walk,103.8343282,1.38016901,33.99457462,0.447203535,0.522050171
760,2223,100,residential,Lentor Hills Road,103.8347903,1.38338976,33.98639855,0.268564675,0.464492798
761,1773,50,secondary,Ang Mo Kio Avenue 4,103.839281,1.37599785,33.96330144,0.675841625,0.528413086
762,1062,50,secondary,Ang Mo Kio Avenue 4,103.839506,1.38096877,33.95611827,0.639685283,0.596831665
763,2210,50,residential,Ang Mo Kio Street 51,103.8543487,1.37182263,33.94046263,0.596922493,0.539067383
764,243,150,residential,Lentor Hills Road,103.8348881,1.38335032,33.8871697,0.354774446,0.432130127
765,1953,50,residential,Ang Mo Kio Street 22,103.8378514,1.36806139,33.88350078,0.448352303,0.468317261
766,1548,150,primary,Ang Mo Kio Avenue 8,103.8472981,1.37839583,33.86455952,0.266299517,0.282398071
767,1468,50,primary,Ang Mo Kio Avenue 3,103.8516978,1.36946319,33.85844283,0.033115407,0.216138306
768,724,50,secondary,Ang Mo Kio Avenue 4,103.839331,1.38108073,33.84957409,0.485671192,0.47789917
769,1376,200,residential,Yio Chu Kang Gardens,103.8375843,1.38007763,33.83609676,0.379160732,0.38265625
770,330,50,secondary,Ang Mo Kio Avenue 9,103.8432653,1.38395008,33.69918251,0.04598451,0.135322266
771,1305,100,residential,Ang Mo Kio Street 22,103.837807,1.36797827,33.6711731,0.450194272,0.401196899
772,1339,50,primary,Ang Mo Kio Avenue 3,103.8516268,1.36960106,33.66775395,0.062349947,0.061318359
773,1076,100,secondary,Ang Mo Kio Avenue 4,103.8394426,1.37613577,33.6650238,0.605322285,0.562819214
774,1548,100,primary,Ang Mo Kio Avenue 8,103.8474293,1.37796369,33.62975693,0.431060678,0.391080322
775,1032,50,residential,Yio Chu Kang Gardens,103.8370998,1.38066583,33.62543418,0.443770262,0.379068604
776,145,50,tertiary,Ang Mo Kio Street 11,103.8349649,1.37099755,33.58781521,0.344230033,0.366968994
777,1295,50,secondary,Ang Mo Kio Avenue 4,103.8383623,1.38263953,33.54246313,0.649739878,0.639150391
778,1004,150,primary,Yio Chu Kang Road,103.8359482,1.3821385,33.54135595,0.458214971,0.411977539
779,2223,150,residential,Lentor Hills Road,103.8349402,1.38381582,33.45364276,0.364000164,0.443373413
780,1829,100,primary,Ang Mo Kio Avenue 8,103.8476598,1.37758371,33.42121679,0.321428808,0.342537231
781,243,200,residential,Lentor Hills Road,103.834682,1.38294955,33.38994299,0.390597917,0.379188232
782,1173,50,primary,Ang Mo Kio Avenue 5,103.8416054,1.37721268,33.38481086,0.391245416,0.344356689
783,750,100,residential,Thomson Hill,103.8344188,1.37805007,33.38182926,0.280483957,0.237365112
784,243,100,residential,Lentor Hills Road,103.8350399,1.38377573,33.36660249,0.405283479,0.517861938
785,1548,50,primary,Ang Mo Kio Avenue 8,103.8475287,1.37752299,33.35040635,0.441602599,0.425875854
786,156,50,primary,Yio Chu Kang Road,103.8358086,1.38217627,33.34596284,0.383566393,0.266616821
787,2223,50,residential,Lentor Hills Road,103.8345637,1.38300082,33.34166718,0.264426396,0.402459717
788,100,50,secondary,Ang Mo Kio Avenue 4,103.8379393,1.38332316,33.32658529,0.570091344,0.537591553
789,121,50,primary,Ang Mo Kio Avenue 3,103.8358742,1.3670702,33.32535907,0.501247885,0.517443237
790,2405,50,primary,Yio Chu Kang Road,103.8353646,1.38158201,33.32251798,0.595665767,0.571549683
791,1829,50,primary,Ang Mo Kio Avenue 8,103.8475566,1.37802381,33.31564608,0.364751361,0.396022339
792,2269,50,primary,Yio Chu Kang Road,103.8351518,1.38159199,33.26534975,0.5091918,0.410301514
793,329,50,primary,Ang Mo Kio Avenue 5,103.8350311,1.37979535,33.20825831,0.656502637,0.452266846
794,1649,150,primary,Ang Mo Kio Avenue 5,103.8376218,1.377241,33.1196889,0.344221595,0.317310181
795,2223,200,residential,Lentor Hills Road,103.835086,1.38424349,33.11587554,0.332458986,0.375861816
796,243,50,residential,Lentor Hills Road,103.8351879,1.38420257,33.10542473,0.43317848,0.460870361
797,1005,150,primary,Ang Mo Kio Avenue 5,103.8410274,1.37715901,33.06445729,0.363495603,0.331143188
798,1295,100,secondary,Ang Mo Kio Avenue 4,103.8380847,1.38299508,32.98970708,0.446290937,0.342557983
799,1844,50,tertiary,Ang Mo Kio Street 11,103.8347167,1.37098152,32.97831257,0.407537919,0.27565979
800,216,200,primary,Ang Mo Kio Avenue 5,103.8377601,1.37709907,32.96485837,0.309641844,0.292023926
801,1226,50,primary,Ang Mo Kio Avenue 5,103.8411104,1.37703838,32.94002776,0.262109725,0.290354614
802,356,50,primary,Ang Mo Kio Avenue 5,103.8373274,1.3772198,32.83904203,0.578478232,0.431124878
803,2631,50,primary,Ang Mo Kio Avenue 5,103.8361086,1.37832539,32.72192851,0.540943847,0.448046875
804,1649,100,primary,Ang Mo Kio Avenue 5,103.8372019,1.37740124,32.6471014,0.544625829,0.484685669
805,2415,50,residential,Ang Mo Kio Street 13,103.8347001,1.37517298,32.58407916,0.53914827,0.412359619
806,243,250,residential,Lentor Hills Road,103.8343657,1.38263026,32.51352222,0.145271103,0.220102539
807,216,100,primary,Ang Mo Kio Avenue 5,103.8386531,1.3770269,32.39085061,0.477110814,0.48069519
808,2632,50,primary,Ang Mo Kio Avenue 5,103.8347314,1.38021771,32.32503025,0.788727522,0.538798218
809,1649,200,primary,Ang Mo Kio Avenue 5,103.8380644,1.37716646,32.29696608,0.309764368,0.299121704
810,555,150,primary,Ang Mo Kio Avenue 5,103.8541648,1.37594302,32.07258224,0.478837018,0.38105835
811,1333,50,secondary,Ang Mo Kio Avenue 2,103.8362048,1.37781685,32.01554516,0.392016929,0.427164307
812,1951,50,primary,Ang Mo Kio Avenue 5,103.8348634,1.38020938,31.99640413,0.734043506,0.510962524
813,1649,250,primary,Ang Mo Kio Avenue 5,103.8385127,1.37713748,31.94882826,0.472901464,0.51447937
814,2673,100,primary,Ang Mo Kio Avenue 5,103.8365188,1.37780603,31.92412905,0.526660731,0.458191528
815,858,50,residential,Ellington Square,103.8350385,1.37183141,31.90146637,0.259403669,0.287738037
816,1649,50,primary,Ang Mo Kio Avenue 5,103.8368378,1.37766212,31.8274988,0.706933934,0.550008545
817,1266,50,secondary,Ang Mo Kio Avenue 2,103.8354981,1.37725295,31.69869834,0.392466465,0.386586304
818,2673,50,primary,Ang Mo Kio Avenue 5,103.8368435,1.37749347,31.55502558,0.724711125,0.535961914
819,1478,100,residential,Ellington Square,103.835239,1.37224192,31.5488472,0.285109318,0.170235596
820,858,100,residential,Ellington Square,103.8347772,1.37146362,31.51253405,0.292033074,0.312358398
821,1266,100,secondary,Ang Mo Kio Avenue 2,103.8358445,1.37754096,31.49774047,0.332565915,0.417593384
822,216,150,primary,Ang Mo Kio Avenue 5,103.8382039,1.37703413,31.44201933,0.44702106,0.382891846
823,2631,200,primary,Ang Mo Kio Avenue 5,103.8353056,1.37941494,31.32838535,0.393680312,0.359182739
824,929,50,residential,Ang Mo Kio Street 13,103.8363628,1.37373228,31.20541052,0.593465038,0.459192505
825,1478,50,residential,Ellington Square,103.8348706,1.37250073,31.02678844,0.388618627,0.39803772
826,2631,100,primary,Ang Mo Kio Avenue 5,103.8358436,1.37869057,31.0130887,0.505316049,0.425835571
827,1948,50,residential,Ellington Square,103.8346633,1.37147704,30.99614924,0.319965234,0.303516235
828,2631,150,primary,Ang Mo Kio Avenue 5,103.8355759,1.37905369,30.86650054,0.738654941,0.531403198
829,1078,50,primary,Ang Mo Kio Avenue 5,103.835835,1.37888469,30.82087708,0.544865064,0.366013184
830,2620,50,primary,Ang Mo Kio Avenue 5,103.8353344,1.37958595,30.69955853,0.498589667,0.405112305
831,1854,100,residential,Ang Mo Kio Street 13,103.8362258,1.37384191,30.66673249,0.626963347,0.521740112
832,929,100,residential,Ang Mo Kio Street 13,103.8359555,1.37392061,29.7557128,0.743699762,0.508505249
833,1854,50,residential,Ang Mo Kio Street 13,103.8358347,1.37405723,28.97149849,0.755799516,0.539168091
834,929,150,residential,Ang Mo Kio Street 13,103.835623,1.37422056,28.23901734,0.806369337,0.534785767
835,242,150,primary,Yishun Avenue 7,103.8345971,1.43893128,25.05873328,0.44849234,0.40779541
836,219,100,primary,Sembawang Avenue,103.8225147,1.44406488,25.82811312,0.229036222,0.265947876
837,2237,150,primary,Sembawang Avenue,103.8224055,1.44413566,25.84801733,0.263420001,0.280064087
838,1678,50,primary,Yishun Avenue 7,103.8348004,1.43919001,25.91256396,0.359930211,0.350719604
839,2237,50,primary,Sembawang Avenue,103.8216641,1.44362469,25.92285479,0.321677506,0.399578857
840,219,50,primary,Sembawang Avenue,103.8228809,1.44432689,25.97993851,0.219884638,0.215898437
841,2237,200,primary,Sembawang Avenue,103.8227777,1.44438908,25.98712818,0.364406105,0.367380981
842,2237,100,primary,Sembawang Avenue,103.8220348,1.44388027,26.11708505,0.317592397,0.389002075
843,242,100,primary,Yishun Avenue 7,103.8350111,1.43910715,26.35405241,0.309876499,0.332028198
844,219,150,primary,Sembawang Avenue,103.8221485,1.44380288,26.42772176,0.223551001,0.245353394
845,2352,250,tertiary,Gambas Way,103.8208036,1.44043227,26.68758172,0.375090079,
846,2352,200,tertiary,Gambas Way,103.8205828,1.44082595,26.83577655,0.507283371,0.502370605
847,2584,100,residential,Canberra Drive,103.8278393,1.443682,26.84741255,0.305230284,0.185196533
848,2429,50,primary,Sembawang Avenue,103.8213192,1.44326695,26.9415199,0.118015553,0.108328857
849,143,50,primary,Sembawang Road,103.8242556,1.44541917,27.00049092,0.351168741,0.319508057
850,1351,100,primary,Sembawang Road,103.824313,1.44563142,27.01907715,0.41660723,0.394537354
851,302,550,residential,Canberra Drive,103.8278658,1.44355644,27.02836123,0.351859824,0.217141724
852,1351,50,primary,Sembawang Road,103.8239778,1.4453304,27.0322474,0.333563737,0.303171387
853,1390,50,residential,Old Nelson Road,103.8234978,1.44822577,27.05343687,0.496731268,0.482601318
854,302,650,residential,Canberra Drive,103.8273482,1.44429577,27.12926213,0.32863575,0.218737183
855,2352,1050,tertiary,Gambas Way,103.8207134,1.44045631,27.13309956,0.342948911,
856,130,150,primary,Sembawang Avenue,103.8200392,1.44267126,27.15500736,0.423900753,0.289083862
857,2447,200,primary,Yishun Avenue 2,103.8319303,1.44007349,27.16190089,0.645363847,0.484378052
858,2352,150,tertiary,Gambas Way,103.8203294,1.44119933,27.16782951,0.566133484,0.273734741
859,884,50,primary,Sembawang Road,103.824658,1.44576523,27.22633498,0.394021458,0.330054932
860,2352,1100,tertiary,Gambas Way,103.820487,1.44084644,27.25411674,0.57770821,0.502375488
861,143,100,primary,Sembawang Road,103.8239156,1.44512365,27.27717854,0.239301309,0.196694336
862,2662,50,primary,Sembawang Road,103.8247263,1.44600277,27.30569319,0.47526339,0.415614014
863,1334,100,residential,Canberra Drive,103.8247323,1.44573749,27.30823985,0.42336261,0.430283813
864,2352,100,tertiary,Gambas Way,103.820076,1.44157271,27.32232423,0.662355737,0.530015259
865,627,100,primary,Sembawang Avenue,103.8200222,1.44249058,27.36986092,0.357338859,0.329845581
866,132,50,primary,Canberra Road,103.8235957,1.44519913,27.39593579,0.186116629,0.198433838
867,778,150,residential,Jalan Sendudok,103.827302,1.4431387,27.40868803,0.544159067,0.552074585
868,627,50,primary,Sembawang Avenue,103.8204093,1.44272016,27.42415164,0.334400312,0.259673462
869,2352,300,tertiary,Gambas Way,103.8210219,1.44003703,27.47437218,0.485564012,
870,2662,100,primary,Sembawang Road,103.8250627,1.44630254,27.48878024,0.392111974,0.427911987
871,1999,200,primary,Yishun Avenue 2,103.8317616,1.44007266,27.52900369,0.426283181,0.374901123
872,778,200,residential,Jalan Sendudok,103.8270657,1.44351578,27.54644176,0.528746077,0.379135742
873,2352,450,tertiary,Gambas Way,103.8216767,1.4388513,27.57227135,0.467316113,0.10440979
874,151,200,primary,Gambas Avenue,103.8162879,1.441991,27.58960056,0.092400072,0.105791626
875,2352,1000,tertiary,Gambas Way,103.8209323,1.44006141,27.59122263,0.471863708,
876,176,50,residential,Canberra Drive,103.8250471,1.4456485,27.67171274,0.494345177,0.412749023
877,1334,50,residential,Canberra Drive,103.8250912,1.44549637,27.78195293,0.440773648,0.316691284
878,2352,350,tertiary,Gambas Way,103.8212401,1.43964178,27.78989283,0.348989394,
879,2352,1200,tertiary,Gambas Way,103.8199683,1.44158492,27.79771857,0.601743327,0.530092773
880,2352,400,tertiary,Gambas Way,103.8214584,1.43924654,27.81550244,0.427463577,
881,2352,850,tertiary,Gambas Way,103.8215889,1.43887672,27.81577648,0.400247489,0.104545898
882,2352,950,tertiary,Gambas Way,103.8211512,1.43966652,27.84547962,0.327691174,
883,735,50,residential,Canberra Drive,103.8298109,1.43896133,27.93186998,0.497855532,0.43975769
884,242,50,primary,Yishun Avenue 7,103.835425,1.43928302,27.94146029,0.476046614,0.515864258
885,2352,1150,tertiary,Gambas Way,103.8202276,1.44121568,27.9610548,0.460456036,0.273682251
886,2352,900,tertiary,Gambas Way,103.82137,1.43927162,28.0896945,0.319655489,
887,2516,150,primary,Sembawang Road,103.8237226,1.44371417,28.09084085,0.307390032,0.325835571
888,151,150,primary,Gambas Avenue,103.8166691,1.44175162,28.09288502,0.074439572,0.069974365
889,1679,100,primary,Gambas Avenue,103.8163972,1.44209054,28.11384216,0.061937342,0.051629028
890,2447,250,primary,Yishun Avenue 2,103.8321623,1.43968626,28.1361429,0.608618389,0.448720703
891,2584,150,residential,Canberra Drive,103.8280862,1.44330421,28.16853196,0.263076708,0.223085327
892,2215,100,primary,Sembawang Road,103.8253249,1.44639769,28.19273831,0.542223188,0.550070801
893,2447,150,primary,Yishun Avenue 2,103.8316982,1.44046071,28.21134131,0.555917299,0.412925415
894,1594,100,primary,Yishun Avenue 2,103.8341836,1.4362379,28.22651408,0.633682049,0.404711304
895,302,500,residential,Canberra Drive,103.828104,1.44317328,28.3000635,0.359983354,0.356729736
896,1679,50,primary,Gambas Avenue,103.8160154,1.44232905,28.39202221,0.059695059,0.048560181
897,2057,150,primary,Yishun Avenue 2,103.8341207,1.43602521,28.39292458,0.529631542,0.407828979
898,549,50,primary,Yishun Avenue 7,103.8322252,1.43792495,28.39503816,0.523008248,0.522073364
899,788,100,residential,Yishun Street 22,103.8354118,1.43612059,28.41089439,0.468657938,0.440134277
900,130,100,primary,Sembawang Avenue,103.8196567,1.44243418,28.41361523,0.386713463,0.361159668
901,2057,100,primary,Yishun Avenue 2,103.8342891,1.43560622,28.45317459,0.488619064,0.446256104
902,1999,150,primary,Yishun Avenue 2,103.8319948,1.43968617,28.459009,0.412238053,0.328674927
903,1594,150,primary,Yishun Avenue 2,103.8343649,1.43582428,28.46459389,0.707540401,0.549915771
904,2352,50,tertiary,Gambas Way,103.8198225,1.44194609,28.48629154,0.627310528,0.590540771
905,2000,50,tertiary,Gambas Crescent,103.8192475,1.44219163,28.56162761,0.426044891,0.342267456
906,2523,100,primary,Yishun Avenue 7,103.8319078,1.43794858,28.58357077,0.515986305,0.421784668
907,130,50,primary,Sembawang Avenue,103.8192773,1.44219204,28.58367697,0.412984386,0.342259521
908,242,200,primary,Yishun Avenue 7,103.8341832,1.43875541,28.60823382,0.410696361,0.350827637
909,2338,50,tertiary,Gambas Crescent,103.8157591,1.44367084,28.6148351,0.468177676,0.450303955
910,302,600,residential,Canberra Drive,103.827607,1.44392611,28.63010597,0.333749446,0.328742676
911,445,50,residential,Jalan Sendudok,103.824284,1.44391221,28.64223775,0.370529397,0.546224365
912,240,50,residential,Yishun Street 22,103.8361013,1.43908046,28.66172695,0.691000711,0.623479004
913,627,150,primary,Sembawang Avenue,103.8196504,1.44223684,28.69405849,0.341180066,0.288319702
914,781,50,residential,Yishun Street 22,103.8359449,1.43929164,28.72817656,0.563849273,0.599512939
915,1679,150,primary,Gambas Avenue,103.8167789,1.44185203,28.76163119,0.088217165,0.061227417
916,2584,50,residential,Canberra Drive,103.8275902,1.4440583,28.83764553,0.270556306,0.242385864
917,2530,150,residential,Yishun Street 22,103.8361944,1.43870581,28.85538101,0.687399398,0.554530029
918,778,250,residential,Jalan Sendudok,103.8267122,1.44379421,28.87123503,0.53029359,0.62371582
919,2057,200,primary,Yishun Avenue 2,103.8339348,1.43643633,28.8738842,0.346864176,0.306196899
920,2352,1250,tertiary,Gambas Way,103.8197058,1.4419508,28.8835718,0.565181326,0.590453491
921,1999,100,primary,Yishun Avenue 2,103.8322281,1.43929968,28.92696571,0.475646766,0.419651489
922,627,200,primary,Sembawang Avenue,103.8192795,1.44198155,28.96787616,0.401829803,0.363909302
923,1393,50,residential,Canberra Drive,103.8301645,1.43881823,29.09142817,0.431108427,0.466165161
924,778,100,residential,Jalan Sendudok,103.8273559,1.44269165,29.09217952,0.537032739,0.465965576
925,1177,50,secondary,Sembawang Link,103.8213191,1.44211655,29.21273752,0.245360962,
926,1571,100,secondary,Sembawang Link,103.8214218,1.44207757,29.21293272,0.243971148,
927,240,100,residential,Yishun Street 22,103.8362694,1.43866112,29.23413022,0.691685055,0.554545898
928,1579,200,primary,Gambas Avenue,103.8197285,1.43974411,29.3300502,0.441658742,0.125821533
929,2596,50,residential,Jalan Sajak,103.8290554,1.43883695,29.4203255,0.472793304,0.293779297
930,627,250,primary,Sembawang Avenue,103.8189123,1.44172105,29.42976218,0.327732436,0.312982788
931,1886,350,residential,Canberra View,103.8334652,1.44399094,29.43280384,0.655777442,0.642710571
932,1579,250,primary,Gambas Avenue,103.8200891,1.43947426,29.43430857,0.485776555,0.210478516
933,2447,300,primary,Yishun Avenue 2,103.8323943,1.43929902,29.48459699,0.599715886,0.586102295
934,703,950,primary,Gambas Avenue,103.8195227,1.43977329,29.51092963,0.190742453,0.097938232
935,2338,100,tertiary,Gambas Crescent,103.816169,1.4434857,29.5243548,0.496052214,0.372311401
936,115,50,residential,Yishun Industrial Park A,103.8351205,1.43967051,29.5556143,0.369376407,0.32527832
937,703,900,primary,Gambas Avenue,103.8198844,1.43950509,29.56236128,0.185709905,0.173511353
938,2499,150,residential,Jalan Sajak,103.8289186,1.43838227,29.5675196,0.491732488,0.384653931
939,1208,50,residential,Yishun Industrial Park A,103.8319723,1.44224562,29.65005711,0.521030098,0.435982056
940,262,50,primary,Sembawang Avenue,103.8187334,1.4417966,29.65562483,0.316871684,0.258267822
941,2335,50,residential,Jalan Jeruju,103.8255354,1.44156634,29.6634147,0.326031856,0.316220093
942,1579,150,primary,Gambas Avenue,103.819368,1.44001395,29.67265252,0.324820885,0.084018555
943,745,50,residential,Sembawang Crescent,103.8173938,1.44446812,29.71675127,0.263641364,0.308686523
944,1886,300,residential,Canberra View,103.8330839,1.44375177,29.73990154,0.708174104,0.650549316
945,1999,250,primary,Yishun Avenue 2,103.8315284,1.44045916,29.74494817,0.415284492,0.352753296
946,1571,50,secondary,Sembawang Link,103.821244,1.44249283,29.77373487,0.224185866,
947,1045,100,residential,Jalan Serengam,103.825596,1.4416844,29.87987724,0.296661079,0.31072998
948,549,100,primary,Yishun Avenue 7,103.8318058,1.43776281,29.88526388,0.422917701,0.454398804
949,242,250,primary,Yishun Avenue 7,103.8337693,1.43857954,29.8911548,0.384316519,0.324868164
950,151,100,primary,Gambas Avenue,103.8170457,1.44150525,29.91747665,0.088621351,0.096873169
951,213,50,residential,Yishun Industrial Park A,103.8350035,1.4397713,29.91905022,0.365055079,0.287745361
952,1204,50,residential,Sembawang Crescent,103.819089,1.44433794,29.95450004,0.311388647,0.247354736
953,1177,100,secondary,Sembawang Link,103.8211389,1.4425308,29.96445424,0.18358352,
954,703,1000,primary,Gambas Avenue,103.8191609,1.44004149,29.98259475,0.141747203,0.093955078
955,1579,300,primary,Gambas Avenue,103.8204496,1.43920441,29.99756314,0.289760252,0.143831787
956,1249,50,residential,Sembawang Vista,103.8207742,1.4471385,30.00674981,0.380562285,0.286829224
957,1921,50,residential,Jalan Jeruju,103.8250502,1.44138358,30.03085641,0.271548623,0.336516113
958,1886,400,residential,Canberra View,103.8338465,1.4442301,30.04427297,0.658188603,0.64687439
959,703,850,primary,Gambas Avenue,103.8202461,1.43923689,30.05047067,0.17752471,0.19960022
960,1963,100,tertiary,Gambas Crescent,103.8179162,1.44267506,30.05224419,0.517669886,0.386279907
961,592,50,secondary,Sembawang Drive,103.8203732,1.44436589,30.10498252,0.396631588,0.409563599
962,1845,50,residential,Canberra Drive,103.830534,1.43786857,30.10610038,0.40103431,0.311523438
963,1579,50,primary,Gambas Avenue,103.8186445,1.44055024,30.12502303,0.324921861,0.084494629
964,2584,650,residential,Canberra Drive,103.8293644,1.43941105,30.14633703,0.227174195,0.163255005
965,2116,50,residential,Jalan Telipok,103.8263062,1.4425912,30.1747416,0.211618069,0.19500061
966,170,50,residential,Canberra Drive,103.8271613,1.44470947,30.24115313,0.297315843,0.297391357
967,438,50,residential,Yishun Industrial Park A,103.8324472,1.44253548,30.28197902,0.586667276,0.417763062
968,720,50,residential,Jalan Salang,103.8252829,1.4409853,30.2836365,0.275596974,0.211311035
969,703,1050,primary,Gambas Avenue,103.8188139,1.44032835,30.28751651,0.25759048,0.103864746
970,1579,350,primary,Gambas Avenue,103.8207898,1.43891272,30.29284795,0.340910197,0.145126953
971,1102,50,residential,Jalan Shaer,103.8279066,1.43917924,30.29862181,0.422460484,0.372543335
972,1594,50,primary,Yishun Avenue 2,103.8339854,1.43664373,30.33008517,0.282197476,0.245685425
973,1914,50,primary,Gambas Avenue,103.8183013,1.44067135,30.34412336,0.104949261,0.180100098
974,151,50,primary,Gambas Avenue,103.8174225,1.44125887,30.38163821,0.130964038,0.114959717
975,1155,50,primary,Gambas Avenue,103.8151853,1.4428039,30.38904921,0.191933557,0.121880493
976,2584,450,residential,Canberra Drive,103.8281434,1.44067082,30.39398228,0.319776251,0.245773315
977,2079,50,primary,Yishun Avenue 7,103.8361838,1.43960787,30.39566595,0.421970863,0.414061279
978,302,250,residential,Canberra Drive,103.8280925,1.44096117,30.41011838,0.268865838,0.18401001
979,397,50,residential,Jalan Hikayat,103.828464,1.43873519,30.46155079,0.273973926,0.212991943
980,2660,50,residential,Canberra Drive,103.8263604,1.44515596,30.48593903,0.390149889,0.30071228
981,1886,250,residential,Canberra View,103.8327026,1.44351261,30.50266647,0.693298524,0.648942261
982,2073,50,primary,Sembawang Road,103.824297,1.44164689,30.51968883,0.285038155,0.238164063
983,1999,50,primary,Yishun Avenue 2,103.8324613,1.43891319,30.52753771,0.32405242,0.330449829
984,1681,50,primary,Yishun Avenue 7,103.8303416,1.43730464,30.53109961,0.599914587,0.46093689
985,962,50,residential,Canberra Drive,103.8264377,1.44519248,30.53117821,0.343554201,0.306688232
986,1463,100,residential,Yishun Industrial Park A,103.8321249,1.44247847,30.53772068,0.526688692,0.413911743
987,703,800,primary,Gambas Avenue,103.8206079,1.43896869,30.57703365,0.147552169,0.142131348
988,2257,100,residential,Yishun Industrial Park A,103.8352979,1.44441468,30.5900863,0.528035978,0.357938232
989,2700,50,residential,Canberra Street,103.8346419,1.44473166,30.59090482,0.738911335,0.651025391
990,564,100,primary,Yishun Avenue 7,103.8340306,1.43885533,30.5909311,0.262839295,0.303181152
991,1068,100,secondary,Sembawang Drive,103.8198304,1.44582764,30.60873648,0.438036231,0.327044678
992,2584,550,residential,Canberra Drive,103.828649,1.43995823,30.61084251,0.249420057,0.21557312
993,1679,200,primary,Gambas Avenue,103.8171606,1.44161355,30.61294937,0.098061307,0.142435303
994,2311,50,primary,Sembawang Road,103.8241071,1.4420874,30.61523966,0.266391388,0.231738281
995,364,50,residential,Canberra Drive,103.8307088,1.43768445,30.63389705,0.315395509,0.25093811
996,1129,50,residential,Sembawang Vista,103.8202514,1.44708207,30.63977544,0.437473002,0.431156616
997,2584,600,residential,Canberra Drive,103.8290067,1.43968461,30.64220827,0.203915816,0.17420166
998,1914,100,primary,Gambas Avenue,103.8179217,1.44091244,30.65482998,0.098765259,0.148021851
999,669,100,residential,Sembawang Vista,103.8205553,1.44722984,30.66180464,0.316661319,0.20345459
1000,2584,200,residential,Canberra Drive,103.8282946,1.44290838,30.66674937,0.342335024,0.302914429
1001,161,50,primary,Sembawang Road,103.8238778,1.44342434,30.67278926,0.302806975,0.301481323
1002,302,50,residential,Canberra Drive,103.8290347,1.43955043,30.69837134,0.214221487,0.14460144
1003,1835,50,tertiary,Gambas Crescent,103.8167285,1.44321966,30.70324326,0.505994137,0.466011353
1004,1336,50,primary,Gambas Avenue,103.8175353,1.44135643,30.70790159,0.177749189,0.130204468
1005,1045,50,residential,Jalan Serengam,103.8254053,1.4420938,30.71127759,0.31444722,0.497514648
1006,1579,100,primary,Gambas Avenue,103.8190075,1.4402838,30.73635401,0.286083347,0.101890869
1007,149,50,primary,Yishun Avenue 7,103.830908,1.43739039,30.74640179,0.384859261,0.315730591
1008,2593,50,residential,Jalan Sendudok,103.8250404,1.4440294,30.7591832,0.303405073,0.376665039
1009,161,100,primary,Sembawang Road,103.8238966,1.44297263,30.76608702,0.521025447,0.387692261
1010,2572,100,residential,Canberra Way,103.8325773,1.44565939,30.81037609,0.381112612,0.381444092
1011,302,100,residential,Canberra Drive,103.828682,1.43983057,30.82184628,0.304064264,0.207098389
1012,703,750,primary,Gambas Avenue,103.82091,1.43863539,30.84909318,0.175149762,0.104657593
1013,2254,100,residential,Yishun Industrial Park A,103.8361725,1.44481554,30.867812,0.381625419,0.37223877
1014,2704,50,residential,Yishun Industrial Park A,103.8345731,1.44056845,30.8804752,0.416739538,0.424857788
1015,1620,50,residential,Jalan Jeruju,103.82608,1.44157709,30.88740852,0.142418641,0.126578979
1016,2439,50,secondary,Sembawang Drive,103.8199845,1.44528858,30.93554219,0.218583599,0.200042114
1017,310,50,residential,Canberra Drive,103.8270454,1.44478355,30.93663979,0.375129948,0.307131348
1018,1579,400,primary,Gambas Avenue,103.8210822,1.4385694,30.97789574,0.196307774,0.078110352
1019,161,150,primary,Sembawang Road,103.8239536,1.44252519,30.98060942,0.371109821,0.278897095
1020,2257,50,residential,Yishun Industrial Park A,103.8349178,1.44417354,30.9849092,0.416393782,0.291404419
1021,983,50,primary,Yishun Avenue 7,103.8361656,1.43975391,31.01997933,0.457746141,0.437817383
1022,1959,150,residential,Canberra Way,103.8324242,1.44574777,31.0248855,0.299430584,0.242473755
1023,1577,100,residential,Canberra Walk,103.8310373,1.44815778,31.02555847,0.252148639,0.207484131
1024,246,50,residential,Yishun Industrial Park A,103.8355023,1.44442023,31.05057158,0.504923307,0.356589966
1025,1219,50,residential,Jalan Malu-malu,103.8260642,1.44205269,31.05249453,0.302626713,0.190836792
1026,2456,50,primary,Sembawang Road,103.8239746,1.44210011,31.05269745,0.194133215,0.215325317
1027,669,50,residential,Sembawang Vista,103.8201087,1.44718052,31.05720983,0.322869869,0.420393066
1028,1886,450,residential,Canberra View,103.8342256,1.44447257,31.06164863,0.720673474,0.649002686
1029,2217,150,residential,Yishun Industrial Park A,103.8342089,1.44373758,31.0827557,0.51542511,0.339369507
1030,2516,100,primary,Sembawang Road,103.8237661,1.44326473,31.12813788,0.216865407,0.238893433
1031,302,450,residential,Canberra Drive,103.8282582,1.44275318,31.13301086,0.405814782,0.418709717
1032,564,50,primary,Yishun Avenue 7,103.833618,1.43867641,31.15535707,0.318404085,0.313779907
1033,1886,200,residential,Canberra View,103.8323213,1.44327345,31.1694468,0.644019127,0.624853516
1034,1404,50,residential,Yishun Industrial Park A,103.8344038,1.44375121,31.17987234,0.463018168,0.333502197
1035,2073,100,primary,Sembawang Road,103.8244867,1.44123701,31.19557381,0.260041349,0.211644287
1036,62,50,residential,Jalan Sendudok,103.8252441,1.44414241,31.22073528,0.379370161,0.456862793
1037,1463,50,residential,Yishun Industrial Park A,103.831746,1.44223539,31.22477077,0.512086655,0.380476074
1038,2156,50,residential,Jalan Kemuning,103.8265428,1.44309223,31.23468428,0.29969477,0.182109375
1039,1407,50,primary,Yishun Avenue 7,103.8303352,1.43713053,31.23853683,0.548935216,0.604456177
1040,678,50,residential,Jalan Malu-malu,103.825824,1.44258837,31.25620989,0.199382894,0.140455322
1041,302,200,residential,Canberra Drive,103.82813,1.44052205,31.29910294,0.308777671,0.223414307
1042,1431,50,residential,Sembawang Crescent,103.8179057,1.44418498,31.30769331,0.379300042,0.448729248
1043,1767,150,residential,Canberra Walk,103.8308385,1.44814044,31.31991064,0.375527055,0.283458252
1044,1316,200,primary,Yishun Avenue 8,103.8365016,1.44603417,31.32351081,0.460001655,0.450848389
1045,2584,400,residential,Canberra Drive,103.8281734,1.44112055,31.3265998,0.242080609,0.249422607
1046,157,50,residential,Jalan Kemuning,103.8266511,1.44248589,31.3389404,0.338216676,0.244884033
1047,2217,100,residential,Yishun Industrial Park A,103.8338218,1.44350815,31.3440094,0.483051782,0.314004517
1048,2523,50,primary,Yishun Avenue 7,103.8314939,1.43777269,31.35818618,0.317720684,0.285445557
1049,2286,250,primary,Yishun Avenue 8,103.8386935,1.44385286,31.37307358,0.593768857,0.44213562
1050,2491,100,primary,Yishun Avenue 8,103.8363093,1.44608865,31.38880686,0.441302586,0.35741272
1051,214,50,residential,Canberra Way,103.831551,1.44500788,31.39639161,0.389468288,0.376329346
1052,2554,50,residential,Sembawang Crescent,103.8201245,1.44485713,31.42216228,0.160477897,0.150127563
1053,2098,50,secondary,Sembawang Drive,103.8202062,1.44493494,31.4264698,0.201198832,0.135475464
1054,1963,50,tertiary,Gambas Crescent,103.8175063,1.44286019,31.48123594,0.450204725,0.485023804
1055,2020,50,residential,Sembawang Crescent,103.8179319,1.44422535,31.4838216,0.412203016,0.448729248
1056,1388,50,residential,Yishun Industrial Park A,103.8358174,1.44474582,31.48602867,0.485151619,0.445442505
1057,2516,50,primary,Sembawang Road,103.8237832,1.44281371,31.51986019,0.447054294,0.38454895
1058,2644,150,residential,Sembawang Vista,103.8212207,1.44719845,31.53623522,0.309474105,0.210169067
1059,1959,50,residential,Canberra Way,103.8316582,1.44527498,31.56326119,0.403973345,0.461247559
1060,584,50,residential,Yishun Industrial Park A,103.8329358,1.4429796,31.60047326,0.477043591,0.375753784
1061,2077,150,primary,Yishun Avenue 8,103.8384086,1.44396522,31.62861402,0.581085831,0.507044067
1062,944,50,residential,Canberra Crescent,103.8318593,1.44354944,31.63995048,0.651454653,0.503041992
1063,976,100,residential,Canberra Street,103.8343448,1.4453132,31.64004208,0.405361574,0.310385132
1064,1404,100,residential,Yishun Industrial Park A,103.8340203,1.44351561,31.6581786,0.466401996,0.39786377
1065,475,50,residential,Sembawang Vista,103.8211247,1.44729439,31.67634069,0.317727552,0.267042236
1066,1942,50,primary,Canberra Road,103.8234245,1.44572616,31.67680168,0.578070519,0.576726685
1067,1175,50,residential,Yishun Industrial Park A,103.8357126,1.4439316,31.69960183,0.299126844,0.251134033
1068,883,50,residential,Canberra Crescent,103.8316017,1.44378931,31.74212851,0.518461283,0.347973633
1069,2112,50,primary,Canberra Road,103.8233244,1.44571901,31.75761942,0.574124829,0.467080688
1070,1470,50,primary,Canberra Link,103.8287327,1.44528397,31.76446883,0.23179019,0.192841797
1071,2584,500,residential,Canberra Drive,103.8283155,1.44025747,31.78434724,0.283168566,0.218814697
1072,2217,50,residential,Yishun Industrial Park A,103.8334346,1.44327873,31.8086133,0.582314042,0.411185303
1073,1259,50,secondary,Yishun Ring Road,103.8350676,1.43492249,31.81932831,0.370880651,0.275294189
1074,2286,200,primary,Yishun Avenue 8,103.8383531,1.44414803,31.82985156,0.642089652,0.453010254
1075,302,150,residential,Canberra Drive,103.828347,1.4401301,31.83458328,0.281021443,0.24819519
1076,786,50,residential,Sembawang Walk,103.8244378,1.4409149,31.83587485,0.260409336,0.225621338
1077,698,100,residential,Jalan Kemuning,103.8267286,1.44115978,31.83843613,0.347885849,0.297385254
1078,741,50,residential,Jalan Sendudok,103.8265765,1.44200422,31.83983612,0.290297482,0.230171509
1079,1396,50,primary,Canberra Link,103.8289848,1.44489709,31.90355145,0.500486363,0.447554932
1080,1959,100,residential,Canberra Way,103.8320412,1.44551137,31.90808282,0.404213414,0.379763794
1081,2572,150,residential,Canberra Way,103.8321973,1.44541814,31.92199766,0.270658643,0.220393677
1082,2077,200,primary,Yishun Avenue 8,103.8380683,1.44426041,31.95310084,0.620250732,0.471193237
1083,698,50,residential,Jalan Kemuning,103.8267678,1.44161024,31.98736044,0.220397102,0.165003662
1084,1316,150,primary,Yishun Avenue 8,103.8362213,1.44638761,31.98775365,0.575756765,0.515249634
1085,1721,50,primary,Sembawang Road,103.8246773,1.44078176,31.99231352,0.174521371,0.204465942
1086,234,50,primary,Gambas Avenue,103.8147705,1.44285037,31.9950865,0.101072161,0.102383423
1087,397,100,residential,Jalan Hikayat,103.8280849,1.43849251,31.9964319,0.271871716,0.371959839
1088,1577,150,residential,Canberra Walk,103.8306545,1.44792091,32.00087269,0.372324574,0.296412964
1089,2254,50,residential,Yishun Industrial Park A,103.8365509,1.44505934,32.00285244,0.264153816,0.361075439
1090,1204,100,residential,Sembawang Crescent,103.8186746,1.44416326,32.00879097,0.360073245,0.343460083
1091,1886,150,residential,Canberra View,103.8319313,1.44304896,32.01028941,0.638554779,0.548135376
1092,913,50,residential,Yishun Industrial Park A,103.8347497,1.44035796,32.03358269,0.367863606,0.487380981
1093,1767,200,residential,Canberra Walk,103.8312227,1.44837475,32.06483603,0.452012703,0.383950806
1094,2447,100,primary,Yishun Avenue 2,103.8314651,1.44084725,32.0673933,0.627201341,0.409701538
1095,539,150,residential,Yishun Industrial Park A,103.8371257,1.44367491,32.13709709,0.314680823,0.333798218
1096,2491,50,primary,Yishun Avenue 8,103.8365892,1.44573495,32.14661462,0.394779923,0.386643066
1097,302,300,residential,Canberra Drive,103.8281575,1.44140859,32.18336137,0.270646547,0.267764282
1098,1775,150,primary,Yishun Avenue 7,103.8366728,1.43981987,32.1949776,0.460977048,0.421105957
1099,1775,50,primary,Yishun Avenue 7,103.8374989,1.44017562,32.21850586,0.39179877,0.370513306
1100,1767,100,residential,Canberra Walk,103.8304542,1.44790614,32.24980822,0.277158585,0.164759521
1101,2499,100,residential,Jalan Sajak,103.8286472,1.43803466,32.25054429,0.511755168,0.380814819
1102,2395,50,residential,Yishun Industrial Park A,103.8333473,1.4430986,32.26501524,0.535160608,0.419219971
1103,48,50,secondary,Sembawang Drive,103.8196702,1.44603406,32.27395296,0.492758205,0.455322266
1104,778,300,residential,Jalan Sendudok,103.8263499,1.44406158,32.27541569,0.291704252,0.349801025
1105,1675,50,residential,Canberra Lane,103.8280998,1.44489467,32.29837682,0.312368566,0.316687622
1106,302,400,residential,Canberra Drive,103.8282753,1.44230478,32.30258766,0.30040957,0.210786133
1107,1767,50,residential,Canberra Walk,103.8300699,1.44767184,32.32804235,0.336546019,0.230606689
1108,1577,200,residential,Canberra Walk,103.8302718,1.44768407,32.32957424,0.442437465,0.354545288
1109,774,50,residential,Yishun Industrial Park A,103.8374736,1.44333626,32.33608466,0.287456726,0.196210327
1110,213,100,residential,Yishun Industrial Park A,103.8348201,1.4401839,32.36973749,0.368712833,0.403922729
1111,720,100,residential,Jalan Salang,103.8254496,1.4405654,32.3702631,0.177119949,0.264688721
1112,1211,50,residential,Yishun Industrial Park A,103.8377359,1.44239476,32.38315709,0.308414677,0.357858887
1113,1144,50,residential,Yishun Industrial Park A,103.8339664,1.44150386,32.39472788,0.355559791,0.271793213
1114,1390,100,residential,Old Nelson Road,103.8231105,1.44845505,32.40750694,0.548896298,0.501373291
1115,2584,250,residential,Canberra Drive,103.828356,1.44246339,32.43659782,0.274942607,0.298467407
1116,500,50,primary,Canberra Link,103.8292053,1.44427573,32.4367218,0.300597356,0.297319946
1117,2128,50,residential,Jalan Legundi,103.8226501,1.44104938,32.43922869,0.199080522,0.118963013
1118,1316,250,primary,Yishun Avenue 8,103.8367818,1.44568072,32.48011335,0.404974504,0.342280884
1119,2557,250,residential,Yishun Industrial Park A,103.83531,1.44365626,32.48433165,0.189907896,0.079103394
1120,234,100,primary,Gambas Avenue,103.8143631,1.4430409,32.48859288,0.115857941,0.433029175
1121,302,350,residential,Canberra Drive,103.8282238,1.44185581,32.51315932,0.271321292,0.285985718
1122,698,250,residential,Jalan Kemuning,103.8265144,1.43982073,32.5183082,0.162610484,0.148860474
1123,2077,100,primary,Yishun Avenue 8,103.838749,1.44367002,32.5213916,0.541370196,0.433914185
1124,2584,300,residential,Canberra Drive,103.8283164,1.44201336,32.53182533,0.205379236,0.299926758
1125,234,150,primary,Gambas Avenue,103.8139556,1.44323143,32.56400593,0.098686241,0.092918091
1126,2491,150,primary,Yishun Avenue 8,103.8360294,1.44644236,32.56591676,0.562956607,0.432687988
1127,2215,50,primary,Sembawang Road,103.8256678,1.44668979,32.58095237,0.471711544,0.57036438
1128,539,100,residential,Yishun Industrial Park A,103.8367803,1.44396364,32.58689626,0.288671906,0.245633545
1129,234,200,primary,Gambas Avenue,103.8135478,1.44342125,32.60244015,0.119925263,0.116395264
1130,1999,300,primary,Yishun Avenue 2,103.8312931,1.44084438,32.61482972,0.38818614,0.339023438
1131,2584,350,residential,Canberra Drive,103.8282431,1.44156725,32.61512868,0.259204095,0.284541626
1132,2077,300,primary,Yishun Avenue 8,103.8373876,1.44485079,32.61565047,0.521244599,0.32071106
1133,155,100,primary,Canberra Road,103.8232035,1.44626433,32.63103242,0.630713021,0.462982788
1134,2250,50,primary,Gambas Avenue,103.8145957,1.44310822,32.66710628,0.152464028,0.127537231
1135,415,100,residential,Canberra Crescent,103.8303398,1.4458466,32.67135679,0.403699941,0.322524414
1136,415,50,residential,Canberra Crescent,103.8305742,1.44546083,32.68321991,0.28782694,0.162408447
1137,2112,100,primary,Canberra Road,103.8231547,1.44613769,32.69468308,0.72622174,0.570177002
1138,1098,50,secondary,Yishun Ring Road,103.8321434,1.43498451,32.71306375,0.276619252,0.271755981
1139,698,300,residential,Jalan Kemuning,103.8264206,1.43938003,32.7145413,0.157859097,0.070740356
1140,619,50,primary,Yishun Avenue 2,103.833407,1.43765361,32.71923937,0.61108464,0.435952148
1141,1585,50,secondary,Yishun Ring Road,103.8319569,1.43500646,32.7383798,0.352661353,0.37260498
1142,1577,50,residential,Canberra Walk,103.83142,1.44839465,32.74142867,0.409348923,0.389014893
1143,1886,100,residential,Canberra View,103.8315496,1.44281048,32.74800022,0.692168011,0.59076416
1144,539,50,residential,Yishun Industrial Park A,103.8364314,1.44423911,32.75335421,0.348558696,0.432648926
1145,265,50,residential,Canberra Crescent,103.8291192,1.44784713,32.76922321,0.528508569,0.418364868
1146,976,50,residential,Canberra Street,103.8341073,1.445697,32.77035669,0.569331472,0.257862142
1147,1068,50,secondary,Sembawang Drive,103.8196569,1.44624472,32.77042653,0.577233262,0.436749878
1148,1972,50,secondary,Sembawang Drive,103.8190577,1.44748698,32.79136981,0.4113237,0.412877808
1149,983,100,primary,Yishun Avenue 7,103.8365803,1.4399279,32.88028908,0.463642036,0.427929077
1150,155,50,primary,Canberra Road,103.8230021,1.44666853,32.88975225,0.339691938,0.305900879
1151,2557,200,residential,Yishun Industrial Park A,103.8349269,1.44341996,32.89385796,0.135207306,0.06432312
1152,1149,50,secondary,Sembawang Drive,103.8192261,1.44728005,32.89850099,0.415090314,0.283860677
1153,2501,50,residential,Yishun Industrial Park A,103.8340125,1.44206691,32.90371704,0.513321468,0.458839722
1154,1861,50,residential,Yishun Industrial Park A,103.8377354,1.44294523,32.91262436,0.444060167,0.39210022
1155,2526,50,primary,Gambas Avenue,103.8141254,1.4433359,32.91855653,0.178944581,0.11055603
1156,903,50,residential,Yishun Industrial Park A,103.8376877,1.44221237,32.91959645,0.271689996,0.195629272
1157,168,50,residential,Canberra Way,103.830567,1.44458365,32.94848985,0.294444442,0.285658569
1158,1151,100,residential,Canberra Crescent,103.8301962,1.44627649,32.96701717,0.353859632,0.31170105
1159,276,50,primary,Canberra Link,103.8305471,1.44204241,33.00915423,0.273030445,0.260756226
1160,1981,50,residential,Canberra Crescent,103.8289374,1.44856033,33.01548862,0.558074539,0.448959961
1161,778,50,residential,Jalan Sendudok,103.8271691,1.44228871,33.01662159,0.405111008,0.500057373
1162,2497,50,residential,Jalan Legundi,103.823123,1.4412494,33.06724871,0.210614447,0.160412598
1163,864,50,residential,Yishun Industrial Park A,103.8367984,1.44533881,33.07431617,0.187016877,0.125675659
1164,2111,50,primary,Canberra Road,103.8229154,1.44665041,33.07674056,0.42069029,0.389210815
1165,223,50,residential,Canberra Way,103.8304928,1.44433417,33.0967997,0.377908889,0.426502686
1166,2563,200,primary,Yishun Avenue 7,103.8272261,1.43580372,33.10792637,0.546100801,0.512658081
1167,983,200,primary,Yishun Avenue 7,103.8374077,1.44028066,33.12464743,0.358281368,0.330968628
1168,2009,50,residential,Yishun Industrial Park A,103.8381743,1.44215806,33.13584219,0.288608218,0.329243164
1169,265,150,residential,Canberra Crescent,103.8288289,1.44868364,33.13776632,0.610825878,0.443468018
1170,2572,50,residential,Canberra Way,103.8329573,1.44590064,33.16362069,0.392708864,0.433753662
1171,2135,200,residential,Yishun Industrial Park A,103.8354588,1.44346477,33.16797499,0.276722611,0.195340576
1172,2286,50,primary,Yishun Avenue 8,103.837332,1.44503352,33.18845455,0.586242336,0.452619629
1173,706,50,tertiary,Gambas Crescent,103.8146187,1.44340205,33.18910885,0.451162644,0.453449707
1174,1775,100,primary,Yishun Avenue 7,103.8370859,1.43999775,33.20883751,0.388058151,0.333297729
1175,2466,150,residential,Yishun Industrial Park A,103.8345205,1.44238278,33.2105305,0.245199404,0.284797974
1176,920,50,tertiary,Gambas Crescent,103.8148735,1.44382163,33.25261237,0.39428495,0.364362183
1177,1473,50,primary,Yishun Avenue 7,103.8299064,1.43712195,33.29863739,0.519608381,0.446065063
1178,1959,200,residential,Canberra Way,103.8328072,1.44598418,33.31110287,0.458251592,0.425860596
1179,526,150,residential,Jalan Malu-malu,103.8259674,1.44022896,33.32889592,0.280136026,0.150098267
1180,2286,150,primary,Yishun Avenue 8,103.8380127,1.44444319,33.33749272,0.694569088,0.497067261
1181,2077,350,primary,Yishun Avenue 8,103.8370593,1.44515816,33.36663466,0.406154716,0.292657471
1182,526,50,residential,Jalan Malu-malu,103.8261046,1.4411227,33.37875219,0.201429059,0.066774902
1183,91,50,residential,Sembawang Vista,103.8193551,1.44699466,33.39817174,0.27791703,0.244171753
1184,698,150,residential,Jalan Kemuning,103.8266629,1.44071264,33.40639437,0.255565809,0.241495361
1185,1635,150,secondary,Yishun Ring Road,103.8296694,1.43422887,33.43161964,0.370769964,0.429168091
1186,2585,50,secondary,Yishun Avenue 6,103.8395154,1.44054103,33.5032038,0.49520186,0.400880127
1187,887,50,primary,Yishun Avenue 8,103.8345108,1.44889116,33.52597713,0.422814059,0.297150879
1188,185,100,primary,Canberra Link,103.8255299,1.44873721,33.53032156,0.537026873,0.548942871
1189,926,50,secondary,Yishun Ring Road,103.8344519,1.43470932,33.54984883,0.079255984,0.108783569
1190,1751,50,secondary,Yishun Ring Road,103.8298968,1.43461714,33.56758176,0.323563455,0.399259644
1191,265,100,residential,Canberra Crescent,103.8289036,1.4482434,33.56863081,0.392280702,0.250878906
1192,2057,250,primary,Yishun Avenue 2,103.8337128,1.43682938,33.57102233,0.205638507,0.223453979
1193,918,50,residential,Sembawang Crescent,103.8163832,1.44487028,33.57649313,0.31574821,0.383116455
1194,2557,150,residential,Yishun Industrial Park A,103.8345439,1.44318365,33.59636688,0.212919589,0.094963989
1195,1316,100,primary,Yishun Avenue 8,103.8359578,1.44675277,33.60703102,0.552786392,0.470722656
1196,2077,250,primary,Yishun Avenue 8,103.8377279,1.4445556,33.63348597,0.54337851,0.394088135
1197,1886,50,residential,Canberra View,103.831168,1.44257174,33.66864326,0.647402227,0.589966431
1198,22,50,primary,Yishun Avenue 8,103.8347661,1.44870523,33.7149412,0.46007054,0.371928101
1199,2286,100,primary,Yishun Avenue 8,103.8376724,1.44473836,33.72012838,0.637706613,0.448615723
1200,179,50,residential,Yishun Street 11,103.8321878,1.43456472,33.73874488,0.316863802,0.295578003
1201,1595,50,primary,Canberra Link,103.830267,1.44253021,33.75120054,0.192193953,0.178739624
1202,2156,100,residential,Jalan Kemuning,103.8261597,1.44331809,33.76540756,0.173145891,0.137605591
1203,1342,50,residential,Jalan Malu-malu,103.8259976,1.44383722,33.77452885,0.23987788,0.320497437
1204,1540,50,residential,Jalan Shaer,103.8271979,1.43871686,33.78866441,0.230552398,0.326312866
1205,2489,50,primary,Canberra Link,103.8282953,1.4457369,33.80740356,0.475114977,0.480750732
1206,1635,100,secondary,Yishun Ring Road,103.8299929,1.43452821,33.81657351,0.25073816,0.27680481
1207,2557,50,residential,Yishun Industrial Park A,103.8337777,1.44271104,33.82575989,0.237054683,0.049525146
1208,2286,300,primary,Yishun Avenue 8,103.8390339,1.44355769,33.83514341,0.554503592,0.44241272
1209,1910,50,primary,Yishun Avenue 7,103.8292447,1.43681388,33.87866075,0.345074753,0.326747437
1210,983,150,primary,Yishun Avenue 7,103.836995,1.44010189,33.91926765,0.366417587,0.339071655
1211,526,100,residential,Jalan Malu-malu,103.8260338,1.44067618,33.93916702,0.275426069,0.234260254
1212,1602,50,primary,Canberra Link,103.8259216,1.44853829,33.95995654,0.425236687,0.35437561
1213,698,200,residential,Jalan Kemuning,103.8265866,1.44026702,33.96560434,0.197673776,0.140095215
1214,185,50,primary,Canberra Link,103.8258728,1.4484451,33.97762328,0.373259046,0.379312134
1215,720,150,residential,Jalan Salang,103.8256286,1.44015082,33.99900644,0.245188767,0.278544312
1216,2557,100,residential,Yishun Industrial Park A,103.8341608,1.44294735,34.04087918,0.131937767,0.075106812
1217,2491,200,primary,Yishun Avenue 8,103.8357821,1.44681879,34.05669812,0.504560379,0.371710815
1218,1932,50,primary,Yishun Avenue 8,103.8350843,1.44818365,34.07152205,0.403629066,0.271905518
1219,2622,50,primary,Yishun Avenue 7,103.8291299,1.43662387,34.07988358,0.283049646,0.303103638
1220,2499,50,residential,Jalan Sajak,103.8282629,1.43780038,34.09295273,0.436728279,0.481907959
1221,2100,50,tertiary,Gambas Crescent,103.8147282,1.44414403,34.12260584,0.420851013,0.329510498
1222,815,50,residential,Canberra Walk,103.8316067,1.44861191,34.12673603,0.49513563,0.428713989
1223,2644,100,residential,Sembawang Vista,103.8216661,1.44725741,34.12850467,0.561465423,0.480455322
1224,374,50,secondary,Yishun Ring Road,103.8325525,1.43451448,34.1409023,0.269880156,0.253204956
1225,2302,50,residential,Yishun Industrial Park A,103.8348872,1.44098766,34.14813296,0.25194552,0.323756714
1226,914,50,primary,Yishun Avenue 2,103.8309842,1.44133437,34.15330593,0.236305451,0.279338379
1227,1407,100,primary,Yishun Avenue 7,103.8299203,1.43695708,34.19864185,0.425545968,0.486286621
1228,1981,100,residential,Canberra Crescent,103.8290617,1.4481332,34.20916258,0.516741801,0.405006104
1229,475,100,residential,Sembawang Vista,103.8215711,1.44734595,34.21183936,0.472288112,0.386557617
1230,802,50,residential,Yishun Industrial Park A,103.8314434,1.44191671,34.22777589,0.550484814,0.364755249
1231,1120,50,residential,Sembawang Place,103.8245037,1.43920754,34.27700072,0.314297435,0.348535156
1232,2462,50,residential,Admiralty Drive,103.8144515,1.4482967,34.30183901,0.405166592,0.397931519
1233,2644,50,residential,Sembawang Vista,103.8221116,1.44731639,34.33936809,0.48707153,0.47173584
1234,619,100,primary,Yishun Avenue 2,103.833645,1.43727012,34.34051895,0.451484696,0.357077637
1235,1120,100,residential,Sembawang Place,103.8246898,1.43879598,34.34754791,0.342722562,0.311483765
1236,2077,50,primary,Yishun Avenue 8,103.8390955,1.44338345,34.34912554,0.530428422,0.472438965
1237,1635,50,secondary,Yishun Ring Road,103.830374,1.43476763,34.38994657,0.339453821,0.354768066
1238,1932,100,primary,Yishun Avenue 8,103.8353209,1.44779919,34.39940834,0.308418552,0.225932007
1239,2216,50,primary,Yishun Avenue 8,103.8351141,1.44791847,34.41694318,0.388269819,0.345549316
1240,820,50,secondary,Yishun Ring Road,103.8327554,1.43446469,34.44011189,0.191281327,0.248602905
1241,637,50,secondary,Yishun Ring Road,103.8310828,1.43534121,34.46358109,0.35150467,0.345984497
1242,397,150,residential,Jalan Hikayat,103.8277058,1.43824982,34.46818829,0.259003588,0.205603638
1243,1031,50,primary,Canberra Link,103.8302799,1.44283839,34.47443182,0.194428923,0.194033203
1244,2197,50,residential,Yishun Industrial Park A,103.8313057,1.44195271,34.51274654,0.612697946,0.506798096
1245,113,50,residential,Yishun Industrial Park A,103.8310237,1.44163771,34.51401197,0.34737496,0.155253296
1246,2034,50,primary,Canberra Road,103.8224933,1.44772756,34.53006536,0.463358668,0.306950684
1247,639,50,secondary,Yishun Ring Road,103.8307582,1.43500888,34.53359398,0.349890716,0.303827515
1248,394,50,residential,Sembawang Crescent,103.8162293,1.44499568,34.53540386,0.287114203,0.259328003
1249,1875,50,residential,Canberra Way,103.8299749,1.44399382,34.55793762,0.300998133,0.242511597
1250,2447,50,primary,Yishun Avenue 2,103.8312224,1.44122778,34.5599684,0.526313349,0.373495483
1251,698,350,residential,Jalan Kemuning,103.8262096,1.4389817,34.60119929,0.208242038,0.166417236
1252,1503,250,residential,Canberra Crescent,103.8288186,1.44812235,34.65244058,0.300313961,0.251021729
1253,991,50,secondary,Yishun Ring Road,103.8304948,1.43497627,34.65456713,0.336086289,0.271228638
1254,2135,150,residential,Yishun Industrial Park A,103.8356819,1.44307231,34.67044772,0.260847399,0.201049194
1255,108,50,residential,Jalan Cherpen,103.8276399,1.43794917,34.70909119,0.222354504,0.104414063
1256,1184,50,residential,Canberra Walk,103.8288988,1.44682262,34.7157165,0.222347196,0.153737183
1257,6,50,primary,Yishun Avenue 7,103.8390908,1.44100827,34.73107147,0.229450602,0.181737061
1258,1316,50,primary,Yishun Avenue 8,103.8357252,1.44713963,34.80862192,0.518014465,0.507771606
1259,301,100,residential,Yishun Industrial Park A,103.8372176,1.44225602,34.85301336,0.277490215,0.29015564
1260,1264,50,primary,Sembawang Road,103.8251229,1.43937926,34.91984793,0.634315615,0.524932251
1261,2249,50,residential,Jalan Hikayat,103.8271768,1.43785034,34.94663239,0.269650367,0.214058838
1262,1595,100,primary,Canberra Link,103.8300397,1.44292028,34.96082951,0.22093273,0.183235474
1263,2636,50,primary,Canberra Link,103.8295867,1.44368124,34.96789199,0.141298355,0.149076538
1264,532,50,residential,Sembawang Crescent,103.8147092,1.44666367,34.97944151,0.300994086,0.313535767
1265,2434,50,primary,Yishun Avenue 7,103.838814,1.44074673,35.02071997,0.332937947,0.28022644
1266,1872,50,residential,Sembawang Crescent,103.8148469,1.44630046,35.05460328,0.477892383,0.366843262
1267,2179,50,primary,Sembawang Road,103.825227,1.43940238,35.07773427,0.590167825,0.461038208
1268,2466,100,residential,Yishun Industrial Park A,103.8349024,1.44262099,35.09161441,0.20332539,0.155791016
1269,1013,50,primary,Sembawang Road,103.8265118,1.44802272,35.11174992,0.124701119,0.128973999
1270,983,250,primary,Yishun Avenue 7,103.8378196,1.44046131,35.11184066,0.336576399,0.269859009
1271,2342,50,residential,Canberra Street,103.8338361,1.44591841,35.12238635,0.446221874,0.454240723
1272,2057,300,primary,Yishun Avenue 2,103.8334922,1.4372233,35.19752121,0.331000547,0.311627197
1273,2491,250,primary,Yishun Avenue 8,103.8355518,1.44720703,35.21568544,0.387755181,0.317030029
1274,526,200,residential,Jalan Malu-malu,103.8259029,1.43978147,35.21610503,0.228918166,0.147090454
1275,2466,50,residential,Yishun Industrial Park A,103.8352841,1.44285955,35.25270844,0.218579122,0.159247437
1276,2340,50,primary,Canberra Link,103.8265464,1.44783066,35.25635353,0.258682169,0.243139648
1277,2216,100,primary,Yishun Avenue 8,103.8348783,1.44830336,35.27771495,0.404958283,0.289731445
1278,1264,100,primary,Sembawang Road,103.8249607,1.43980098,35.330817,0.511034465,0.577601929
1279,1343,50,primary,Sembawang Road,103.8249993,1.44003579,35.33410332,0.292899615,0.298944702
1280,1154,50,primary,Sembawang Road,103.8260197,1.44703236,35.38871066,0.534064564,0.510567627
1281,1575,50,residential,Jalan Salang,103.8260412,1.43917075,35.40999192,0.232839809,0.28847168
1282,1264,150,primary,Sembawang Road,103.8247823,1.44021595,35.45521436,0.225571894,0.187860718
1283,218,50,residential,Sembawang Crescent,103.8147564,1.44680477,35.48866184,0.339558074,0.336853638
1284,1390,150,residential,Old Nelson Road,103.8226985,1.44862986,35.49879872,0.56097653,0.473942871
1285,2188,50,primary,Sembawang Road,103.8262967,1.44748223,35.59116681,0.622132252,0.479612427
1286,2063,50,residential,Canberra Street,103.8332185,1.44710312,35.62090683,0.487910793,0.421048584
1287,1959,250,residential,Canberra Way,103.8331902,1.44622061,35.62316513,0.389291828,0.413202515
1288,720,200,residential,Jalan Salang,103.8258177,1.43974063,35.62937846,0.249808925,0.111036987
1289,2358,50,primary,Sembawang Way,103.8144545,1.44812999,35.64674906,0.201701418,0.175617676
1290,80,50,residential,Canberra Street,103.8331224,1.44705165,35.6549395,0.428360155,0.325275269
1291,80,100,residential,Canberra Street,103.8328855,1.44743589,35.66582246,0.498673946,0.381524048
1292,2536,50,residential,Canberra Street,103.8325223,1.44800077,35.7071828,0.185095967,0.141495972
1293,2536,100,residential,Canberra Street,103.832277,1.44837964,35.86266092,0.543121072,0.482953491
1294,2354,150,residential,Canberra Street,103.8328566,1.44766824,35.89475414,0.321370072,0.197840576
1295,1913,50,primary,Yishun Avenue 2,103.8345868,1.43444183,35.89488775,0.273447218,0.230288696
1296,2354,100,residential,Canberra Street,103.8326182,1.44805154,35.94527054,0.197004756,0.175128174
1297,532,100,residential,Sembawang Crescent,103.8146147,1.44710575,35.95921062,0.440991837,0.28791687
1298,2599,50,residential,Canberra Walk,103.8287029,1.4468204,35.96646854,0.267540192,0.262792969
1299,2286,350,primary,Yishun Avenue 8,103.8394122,1.44331621,35.97354825,0.511335753,0.415811768
1300,2354,50,residential,Canberra Street,103.8323798,1.44843483,36.03347191,0.514617739,0.387944946
1301,2190,50,residential,Sembawang Crescent,103.815095,1.44557779,36.06557963,0.357742133,0.242172241
1302,1503,50,residential,Canberra Crescent,103.8285606,1.4479489,36.07383699,0.286761826,0.250970459
1303,2434,100,primary,Yishun Avenue 7,103.8384019,1.44056647,36.18129055,0.309474578,0.282677612
1304,2252,50,residential,Sembawang Crescent,103.8151486,1.44559848,36.18267282,0.335898969,0.283726807
1305,2211,50,residential,Sembawang Crescent,103.8146128,1.44759603,36.20417881,0.53355969,0.452549438
1306,230,50,residential,Sembawang Crescent,103.8145169,1.44776932,36.36397699,0.321278406,0.289551392
1307,2659,50,secondary,Yishun Ring Road,103.8341142,1.4344786,36.38131596,0.305937137,0.293580322
1308,1503,200,residential,Canberra Crescent,103.8284178,1.44791801,36.49236767,0.29520281,0.418258667
1309,638,50,primary,Sembawang Way,103.8140351,1.44793166,36.51944256,0.340415829,0.399686279
1310,2565,50,tertiary,Gambas Crescent,103.814041,1.44518311,36.54757881,0.505628578,0.287022095
1311,2135,100,residential,Yishun Industrial Park A,103.8359213,1.44268963,36.56522369,0.254624984,0.265032349
1312,1184,100,residential,Canberra Walk,103.828519,1.446581,36.69355128,0.284584014,0.362962646
1313,2599,100,residential,Canberra Walk,103.8290859,1.44705677,36.71298409,0.31933428,0.333701782
1314,2688,50,primary,Canberra Road,103.8221508,1.4484612,36.74247595,0.330338696,0.294805908
1315,948,50,primary,Sembawang Way,103.8149579,1.448245,36.78230598,0.367038479,0.422085571
1316,1659,50,primary,Canberra Road,103.8221647,1.4482052,36.78273551,0.236037705,0.139247437
1317,1503,150,residential,Canberra Crescent,103.8279903,1.44787799,36.79394831,0.284644318,
1318,828,50,primary,Canberra Link,103.8271496,1.44741993,36.79623656,0.439162337,0.404707031
1319,1659,100,primary,Canberra Road,103.8219717,1.44861353,36.95512009,0.459095467,0.443573608
1320,1503,100,residential,Canberra Crescent,103.8281659,1.44773292,37.04446675,0.355286963,
1321,289,50,secondary,Yishun Ring Road,103.8331019,1.43424325,37.04561106,0.188039029,0.134393311
1322,2042,150,residential,Canberra Way,103.8347718,1.44718423,37.04968921,0.507550559,0.432183838
1323,2152,50,primary,Canberra Link,103.8282058,1.44614539,37.06630325,0.452443446,0.515215454
1324,1285,50,secondary,Sembawang Drive,103.8189642,1.44790972,37.09705411,0.2271203,0.163624268
1325,1798,50,tertiary,Gambas Crescent,103.8142186,1.44450403,37.15597094,0.405018566,0.313510742
1326,820,100,secondary,Yishun Ring Road,103.8331715,1.43432404,37.15868732,0.178760298,0.124932251
1327,828,100,primary,Canberra Link,103.8274601,1.44709307,37.17294666,0.304930712,0.25382019
1328,934,50,residential,Canberra Way,103.8346445,1.4469724,37.18006516,0.55525782,0.427662964
1329,301,50,residential,Yishun Industrial Park A,103.8367858,1.44215982,37.18300922,0.310812877,0.35847229
1330,1440,50,primary,Sembawang Way,103.8168408,1.44868357,37.18776876,0.412429921,0.445126953
1331,2045,50,primary,Yishun Avenue 2,103.8347773,1.4342182,37.20593086,0.483399729,0.332640991
1332,2489,100,primary,Canberra Link,103.8280513,1.4461166,37.22143731,0.437919326,0.38692688
1333,2489,150,primary,Canberra Link,103.8277868,1.44648188,37.24629102,0.429255383,0.38868042
1334,2489,200,primary,Canberra Link,103.8275151,1.446842,37.35130583,0.40903915,0.326212769
1335,934,100,residential,Canberra Way,103.8342661,1.44672869,37.36057636,0.426475176,0.242717896
1336,272,50,primary,Canberra Link,103.8278226,1.44667335,37.40800794,0.466036568,0.478555298
1337,2042,100,residential,Canberra Way,103.8343866,1.44695138,37.43497522,0.515118499,0.398032837
1338,2042,50,residential,Canberra Way,103.8340015,1.44671853,37.45167923,0.386987722,0.338098145
1339,948,100,primary,Sembawang Way,103.8153961,1.44834486,37.62513594,0.453725571,0.49526001
1340,911,50,primary,Sembawang Way,103.8165326,1.4485185,37.80125777,0.242538174,0.197722778
1341,2135,50,residential,Yishun Industrial Park A,103.8361612,1.44230728,37.86204822,0.232606775,0.282832031
1342,2291,100,primary,Sembawang Way,103.815622,1.44830863,37.90776179,0.461154621,0.539525757
1343,1668,50,residential,Yishun Industrial Park A,103.8359168,1.4416345,38.02298971,0.320678299,0.343196411
1344,820,150,secondary,Yishun Ring Road,103.8336096,1.43441611,38.04809516,0.296549774,0.297941284
1345,1668,100,residential,Yishun Industrial Park A,103.8363029,1.44186574,38.18400075,0.315899899,0.224475098
1346,2291,50,primary,Sembawang Way,103.8160599,1.44841001,38.20370483,0.380503781,0.365904541
1347,2386,50,secondary,Sembawang Drive,103.8188114,1.44808108,39.29488512,0.289948798,0.266235352
